TAHUN,KUMPULAN KOMODITI,KOMODITI,NEGERI,DAERAH,LUAS_BERTANAM_HA,LUAS_BERHASIL_HA,PENGELUARAN_MT
2011,BUAH-BUAHAN,TEMBIKAI SUSU,PERAK,MANJUNG,0.06,0.06,1.00
2011,BUAH-BUAHAN,TEMBIKAI WANGI,SELANGOR,KUALA LANGAT,0.10,0.09,1.15
2011,BUAH-BUAHAN,TEMBIKAI SUSU,KELANTAN,JELI,0.40,0.20,2.79
2011,BUAH-BUAHAN,TEMBIKAI WANGI,JOHOR,BATU PAHAT,2.00,2.00,1.00
2011,BUAH-BUAHAN,TEMBIKAI SUSU,SELANGOR,HULU LANGAT,0.40,0.60,5.85
2011,BUAH-BUAHAN,TEMBIKAI SUSU,SELANGOR,KUALA LANGAT,0.60,0.60,6.00
2011,BUAH-BUAHAN,TEMBIKAI SUSU,WP LABUAN,WP LABUAN,0.40,0.40,7.00
2011,BUAH-BUAHAN,TEMBIKAI WANGI,SELANGOR,GOMBAK,0.30,0.30,8.40
2011,BUAH-BUAHAN,TEMBIKAI SUSU,SELANGOR,GOMBAK,0.40,0.40,11.99
2011,BUAH-BUAHAN,TEMBIKAI WANGI,TERENGGANU,KUALA TERENGGANU,0.50,0.50,11.79
2011,BUAH-BUAHAN,TEMBIKAI SUSU,PERAK,KERIAN,0.60,0.60,14.00
2011,BUAH-BUAHAN,TEMBIKAI SUSU,TERENGGANU,DUNGUN,0.58,0.58,15.75
2011,BUAH-BUAHAN,TEMBIKAI SUSU,SELANGOR,KUALA SELANGOR,1.00,1.00,15.75
2011,BUAH-BUAHAN,TEMBIKAI SUSU,JOHOR,BATU PAHAT,1.18,1.12,16.64
2011,BUAH-BUAHAN,TEMBIKAI WANGI,SELANGOR,KLANG,0.50,0.50,18.00
2011,BUAH-BUAHAN,TEMBIKAI WANGI,TERENGGANU,MARANG,2.70,2.70,15.58
2011,BUAH-BUAHAN,TEMBIKAI SUSU,JOHOR,MUAR,1.10,0.77,21.85
2011,BUAH-BUAHAN,TEMBIKAI SUSU,KELANTAN,KOTA BHARU,2.10,2.10,25.20
2011,BUAH-BUAHAN,TEMBIKAI WANGI,SELANGOR,SABAK BERNAM,3.40,3.40,31.20
2011,BUAH-BUAHAN,TEMBIKAI SUSU,PERLIS,PERLIS,2.18,2.18,41.00
2011,BUAH-BUAHAN,TEMBIKAI SUSU,SELANGOR,PETALING,2.80,1.60,42.28
2011,BUAH-BUAHAN,TEMBIKAI SUSU,SELANGOR,HULU SELANGOR,6.00,6.00,50.08
2011,BUAH-BUAHAN,TEMBIKAI SUSU,TERENGGANU,BESUT,3.36,3.34,66.69
2011,BUAH-BUAHAN,TEMBIKAI SUSU,TERENGGANU,MARANG,7.10,7.10,59.47
2011,BUAH-BUAHAN,TEMBIKAI SUSU,PERAK,KINTA,3.80,3.80,66.50
2011,BUAH-BUAHAN,TEMBIKAI SUSU,SELANGOR,KLANG,5.70,5.30,73.70
2011,BUAH-BUAHAN,TEMBIKAI SUSU,KELANTAN,TANAH MERAH,6.50,6.50,84.06
2011,BUAH-BUAHAN,TEMBIKAI SUSU,KELANTAN,PASIR MAS,12.00,12.00,75.41
2011,BUAH-BUAHAN,TEMBIKAI SUSU,TERENGGANU,HULU TERENGGANU,7.44,7.44,98.17
2011,BUAH-BUAHAN,TEMBIKAI SUSU,KELANTAN,MACHANG,9.40,8.40,112.50
2011,BUAH-BUAHAN,TEMBIKAI SUSU,KELANTAN,TUMPAT,12.50,12.50,219.00
2011,BUAH-BUAHAN,TEMBIKAI SUSU,MELAKA,MELAKA TENGAH,15.00,15.00,270.00
2011,BUAH-BUAHAN,TEMBIKAI WANGI,JOHOR,SEGAMAT,80.00,80.00,223.60
2011,BUAH-BUAHAN,TEMBIKAI SUSU,MELAKA,ALOR GAJAH,25.00,25.00,450.00
2011,BUAH-BUAHAN,TEMBIKAI SUSU,KELANTAN,PASIR PUTEH,31.00,31.00,439.70
2011,BUAH-BUAHAN,TEMBIKAI SUSU,PAHANG,KUANTAN,75.44,70.00,721.00
2011,BUAH-BUAHAN,TEMBIKAI SUSU,KELANTAN,BACHOK,86.00,85.50,959.54
2011,BUAH-BUAHAN,TEMBIKAI SUSU,TERENGGANU,SETIU,50.00,50.00,1390.00
2011,BUAH-BUAHAN,TEMBIKAI SUSU,MELAKA,JASIN,92.00,92.00,1656.00
2011,BUAH-BUAHAN,TEMBIKAI,PERAK,KERIAN,0.20,0.20,2.00
2011,BUAH-BUAHAN,TEMBIKAI SUSU,KEDAH,PADANG TERAP,515.00,505.00,8825.00
2011,BUAH-BUAHAN,TEMBIKAI SUSU,KEDAH,KULIM,515.00,505.00,8825.00
2011,BUAH-BUAHAN,TEMBIKAI,SARAWAK,BETONG,0.50,0.40,7.20
2011,BUAH-BUAHAN,TEMBIKAI,SARAWAK,PAKAN,1.00,1.00,10.00
2011,BUAH-BUAHAN,TEMBIKAI,SABAH,TELUPID,2.00,2.00,10.00
2011,BUAH-BUAHAN,TEMBIKAI,SARAWAK,BARAM,1.20,1.20,12.00
2011,BUAH-BUAHAN,TEMBIKAI,SABAH,KUNAK,1.00,1.00,12.50
2011,BUAH-BUAHAN,TEMBIKAI,SELANGOR,PETALING,1.20,1.20,14.00
2011,BUAH-BUAHAN,TEMBIKAI,SELANGOR,KLANG,1.00,1.00,16.00
2011,BUAH-BUAHAN,TEMBIKAI,SELANGOR,SABAK BERNAM,0.60,0.60,20.00
2011,BUAH-BUAHAN,TEMBIKAI,SARAWAK,TATAU,2.00,1.50,24.00
2011,BUAH-BUAHAN,TEMBIKAI,NEGERI SEMBILAN,REMBAU,1.00,0.80,24.90
2011,BUAH-BUAHAN,TEMBIKAI,SELANGOR,KUALA SELANGOR,2.58,1.90,25.34
2011,BUAH-BUAHAN,TEMBIKAI,PAHANG,LIPIS,2.50,2.34,27.37
2011,BUAH-BUAHAN,TEMBIKAI,SARAWAK,MATU,2.30,2.30,34.50
2011,BUAH-BUAHAN,TEMBIKAI,PAHANG,RAUB,3.50,3.30,39.63
2011,BUAH-BUAHAN,TEMBIKAI,PULAU PINANG,SEBERANG PERAI UTARA,2.00,2.00,40.21
2011,BUAH-BUAHAN,TEMBIKAI,WP LABUAN,WP LABUAN,3.00,3.00,40.22
2011,BUAH-BUAHAN,TEMBIKAI,SARAWAK,BINTULU,4.30,3.00,47.65
2011,BUAH-BUAHAN,TEMBIKAI,SARAWAK,MUKAH,4.00,3.50,52.50
2011,BUAH-BUAHAN,TEMBIKAI,SARAWAK,LAWAS,3.40,3.40,53.70
2011,BUAH-BUAHAN,TEMBIKAI,SARAWAK,DALAT,4.00,3.50,55.00
2011,BUAH-BUAHAN,TEMBIKAI,SABAH,KOTA MARUDU,5.60,5.60,57.80
2011,BUAH-BUAHAN,TEMBIKAI,SABAH,KUDAT,8.50,8.50,62.30
2011,BUAH-BUAHAN,TEMBIKAI,SABAH,KOTA KINABALU,3.40,3.40,69.00
2011,BUAH-BUAHAN,TEMBIKAI,SABAH,BELURAN,5.00,5.00,70.00
2011,BUAH-BUAHAN,TEMBIKAI,SARAWAK,SONG,5.00,5.00,75.00
2011,BUAH-BUAHAN,TEMBIKAI,SABAH,LAHAD DATU,5.00,5.00,75.70
2011,BUAH-BUAHAN,TEMBIKAI,SARAWAK,BELAGA,7.00,7.00,84.00
2011,BUAH-BUAHAN,TEMBIKAI,SARAWAK,KANOWIT,5.50,5.50,90.00
2011,BUAH-BUAHAN,TEMBIKAI,PERAK,KINTA,7.00,5.80,104.80
2011,BUAH-BUAHAN,TEMBIKAI,TERENGGANU,DUNGUN,8.00,7.80,129.05
2011,BUAH-BUAHAN,TEMBIKAI,PERAK,LARUT MATANG / SELAMA,5.00,4.50,120.54
2011,BUAH-BUAHAN,TEMBIKAI,PULAU PINANG,SEBERANG PERAI TENGAH,8.50,7.00,126.00
2011,BUAH-BUAHAN,TEMBIKAI,SARAWAK,LUBOK ANTU,8.50,8.50,133.50
2011,BUAH-BUAHAN,TEMBIKAI,SARAWAK,SERIAN,9.50,9.50,165.00
2011,BUAH-BUAHAN,TEMBIKAI,PAHANG,MARAN,20.00,15.60,185.64
2011,BUAH-BUAHAN,TEMBIKAI,SARAWAK,KAPIT,17.90,14.90,178.80
2011,BUAH-BUAHAN,TEMBIKAI,KEDAH,PENDANG,10.00,10.00,200.00
2011,BUAH-BUAHAN,TEMBIKAI,SABAH,SANDAKAN,15.00,15.00,271.00
2011,BUAH-BUAHAN,TEMBIKAI,SARAWAK,SAMARAHAN,21.00,18.00,272.00
2011,BUAH-BUAHAN,TEMBIKAI,SABAH,KOTA BELUD,14.00,14.00,280.00
2011,BUAH-BUAHAN,TEMBIKAI,SARAWAK,SRI AMAN,27.70,17.90,280.60
2011,BUAH-BUAHAN,TEMBIKAI,PAHANG,TEMERLOH,46.36,25.00,303.96
2011,BUAH-BUAHAN,TEMBIKAI,JOHOR,MERSING,106.60,78.50,294.34
2011,BUAH-BUAHAN,TEMBIKAI,KEDAH,LANGKAWI,18.64,18.44,334.13
2011,BUAH-BUAHAN,TEMBIKAI,SARAWAK,MIRI,30.70,20.70,342.61
2011,BUAH-BUAHAN,TEMBIKAI,SABAH,SOOK,23.80,23.80,368.90
2011,BUAH-BUAHAN,TEMBIKAI,SABAH,TAWAU,25.50,20.50,426.00
2011,BUAH-BUAHAN,TEMBIKAI,KELANTAN,GUA MUSANG,42.20,42.20,525.00
2011,BUAH-BUAHAN,TEMBIKAI,KELANTAN,KOTA BHARU,39.20,39.20,625.00
2011,BUAH-BUAHAN,TEMBIKAI,MELAKA,MELAKA TENGAH,35.00,35.00,630.00
2011,BUAH-BUAHAN,TEMBIKAI,KELANTAN,KUALA KRAI,32.00,31.00,635.00
2011,BUAH-BUAHAN,TEMBIKAI,KELANTAN,PASIR MAS,57.00,45.00,647.23
2011,BUAH-BUAHAN,TEMBIKAI,PERAK,MANJUNG,84.90,28.30,660.00
2011,BUAH-BUAHAN,TEMBIKAI,KEDAH,BALING,64.00,64.00,683.39
2011,BUAH-BUAHAN,TEMBIKAI,SABAH,TUARAN,31.00,31.00,697.60
2011,BUAH-BUAHAN,TEMBIKAI,JOHOR,JOHOR BAHRU,12.90,11.80,708.00
2011,BUAH-BUAHAN,TEMBIKAI,MELAKA,JASIN,40.00,40.00,720.00
2011,BUAH-BUAHAN,TEMBIKAI,SARAWAK,DARO,53.60,51.10,725.98
2011,BUAH-BUAHAN,TEMBIKAI,KELANTAN,JELI,53.00,49.29,755.16
2011,BUAH-BUAHAN,TEMBIKAI,NEGERI SEMBILAN,JEMPOL,50.00,50.00,800.00
2011,BUAH-BUAHAN,TEMBIKAI,SARAWAK,SARIKEI,47.00,44.00,818.00
2011,BUAH-BUAHAN,TEMBIKAI,KEDAH,KUALA MUDA,96.00,96.00,892.00
2011,BUAH-BUAHAN,TEMBIKAI,PAHANG,ROMPIN,68.70,47.20,967.60
2011,BUAH-BUAHAN,TEMBIKAI,PERAK,PERAK TENGAH,60.00,60.00,900.00
2011,BUAH-BUAHAN,TEMBIKAI,SARAWAK,SARATOK,75.00,69.00,1150.99
2011,BUAH-BUAHAN,TEMBIKAI,PAHANG,KUANTAN,115.88,110.54,1314.95
2011,BUAH-BUAHAN,TEMBIKAI,JOHOR,MUAR,64.00,64.00,1280.00
2011,BUAH-BUAHAN,TEMBIKAI,SABAH,BEAUFORT,96.00,96.00,1280.70
2011,BUAH-BUAHAN,TEMBIKAI,MELAKA,ALOR GAJAH,84.00,84.00,1512.00
2011,BUAH-BUAHAN,TEMBIKAI,SARAWAK,SIMUNJAN,133.80,121.00,1717.23
2011,BUAH-BUAHAN,TEMBIKAI,TERENGGANU,BESUT,122.49,121.96,1901.74
2011,BUAH-BUAHAN,TEMBIKAI,SARAWAK,KUCHING,118.50,116.20,1889.88
2011,BUAH-BUAHAN,TEMBIKAI,KELANTAN,TANAH MERAH,92.30,92.30,1979.51
2011,BUAH-BUAHAN,TEMBIKAI,TERENGGANU,HULU TERENGGANU,89.20,89.20,2315.00
2011,BUAH-BUAHAN,TEMBIKAI,TERENGGANU,MARANG,203.51,171.38,2350.60
2011,BUAH-BUAHAN,TEMBIKAI,SABAH,SIPITANG,110.00,110.00,2200.00
2011,BUAH-BUAHAN,TEMBIKAI,TERENGGANU,KEMAMAN,444.23,396.23,2695.80
2011,BUAH-BUAHAN,TEMBIKAI,KELANTAN,MACHANG,175.30,166.50,2581.49
2011,BUAH-BUAHAN,TEMBIKAI,TERENGGANU,KUALA TERENGGANU,160.58,160.58,2809.68
2011,BUAH-BUAHAN,TEMBIKAI,SELANGOR,GOMBAK,112.00,112.00,2800.00
2011,BUAH-BUAHAN,TEMBIKAI,SARAWAK,ASAJAYA,196.00,196.00,2882.57
2011,BUAH-BUAHAN,TEMBIKAI,SABAH,PAPAR,150.20,150.20,2900.00
2011,BUAH-BUAHAN,TEMBIKAI,PERLIS,PERLIS,65.87,65.87,1778.50
2011,BUAH-BUAHAN,TEMBIKAI,KELANTAN,TUMPAT,141.69,141.59,3346.00
2011,BUAH-BUAHAN,TEMBIKAI,JOHOR,SEGAMAT,705.00,691.00,3375.00
2011,BUAH-BUAHAN,TEMBIKAI,NEGERI SEMBILAN,PORT DICKSON,186.00,182.00,3776.93
2011,BUAH-BUAHAN,TEMBIKAI,JOHOR,TANGKAK,199.17,198.97,4025.40
2011,BUAH-BUAHAN,TEMBIKAI,KELANTAN,PASIR PUTEH,214.00,214.00,4456.50
2011,BUAH-BUAHAN,TEMBIKAI,SARAWAK,LUNDU,429.60,323.60,5041.69
2011,BUAH-BUAHAN,TEMBIKAI,TERENGGANU,SETIU,504.52,481.92,6850.98
2011,BUAH-BUAHAN,TEMBIKAI,PAHANG,PEKAN,677.35,600.80,7149.52
2011,BUAH-BUAHAN,TEMBIKAI,KEDAH,KUBANG PASU,305.00,305.00,7264.25
2011,BUAH-BUAHAN,TEMBIKAI,PERAK,HILIR PERAK,253.50,253.50,8159.92
2011,BUAH-BUAHAN,TEMBIKAI,KELANTAN,BACHOK,576.50,575.50,11384.59
2011,BUAH-BUAHAN,TEMBIKAI,KEDAH,KULIM,1830.00,1805.00,21150.00
2011,BUAH-BUAHAN,TEMBIKAI,KEDAH,PADANG TERAP,1830.00,1805.00,21150.00
2011,BUAH-BUAHAN,TEMBIKAI,JOHOR,KOTA TINGGI,764.62,813.86,22764.00
2011,BUAH-BUAHAN,TEMBIKAI,JOHOR,KLUANG,1210.00,1210.00,33264.86
2012,BUAH-BUAHAN,TEMBIKAI SUSU,KEDAH,POKOK SENA,0.40,0.00,0.00
2012,BUAH-BUAHAN,TEMBIKAI SUSU,PAHANG,BENTONG,0.10,0.10,1.50
2012,BUAH-BUAHAN,TEMBIKAI WANGI,TERENGGANU,KUALA TERENGGANU,0.40,0.40,2.00
2012,BUAH-BUAHAN,TEMBIKAI SUSU,KELANTAN,JELI,0.39,0.20,2.70
2012,BUAH-BUAHAN,TEMBIKAI SUSU,TERENGGANU,DUNGUN,0.20,0.10,3.61
2012,BUAH-BUAHAN,TEMBIKAI SUSU,PERAK,MANJUNG,0.12,0.12,4.00
2012,BUAH-BUAHAN,TEMBIKAI WANGI,SELANGOR,PETALING,1.20,1.20,2.10
2012,BUAH-BUAHAN,TEMBIKAI SUSU,SELANGOR,KUALA LANGAT,0.60,0.60,4.63
2012,BUAH-BUAHAN,TEMBIKAI SUSU,SELANGOR,SEPANG,3.00,1.00,5.00
2012,BUAH-BUAHAN,TEMBIKAI SUSU,PERAK,KINTA,1.00,1.00,8.00
2012,BUAH-BUAHAN,TEMBIKAI SUSU,NEGERI SEMBILAN,SEREMBAN,0.60,0.60,15.08
2012,BUAH-BUAHAN,TEMBIKAI SUSU,TERENGGANU,MARANG,4.20,4.20,12.20
2012,BUAH-BUAHAN,TEMBIKAI SUSU,SELANGOR,HULU SELANGOR,3.18,3.18,15.74
2012,BUAH-BUAHAN,TEMBIKAI SUSU,TERENGGANU,HULU TERENGGANU,1.80,1.80,22.80
2012,BUAH-BUAHAN,TEMBIKAI SUSU,PERLIS,PERLIS,1.55,1.55,26.53
2012,BUAH-BUAHAN,TEMBIKAI SUSU,SELANGOR,KUALA SELANGOR,1.40,1.40,28.00
2012,BUAH-BUAHAN,TEMBIKAI SUSU,JOHOR,MUAR,1.77,1.51,27.70
2012,BUAH-BUAHAN,TEMBIKAI SUSU,JOHOR,BATU PAHAT,1.46,1.12,29.60
2012,BUAH-BUAHAN,TEMBIKAI WANGI,KELANTAN,TUMPAT,1.60,1.60,38.40
2012,BUAH-BUAHAN,TEMBIKAI SUSU,KELANTAN,KOTA BHARU,4.00,4.00,50.20
2012,BUAH-BUAHAN,TEMBIKAI SUSU,NEGERI SEMBILAN,REMBAU,3.00,3.00,56.00
2012,BUAH-BUAHAN,TEMBIKAI WANGI,TERENGGANU,MARANG,4.00,4.00,60.00
2012,BUAH-BUAHAN,TEMBIKAI SUSU,SELANGOR,KLANG,4.30,4.30,68.10
2012,BUAH-BUAHAN,TEMBIKAI WANGI,KELANTAN,PASIR MAS,9.77,8.57,70.95
2012,BUAH-BUAHAN,TEMBIKAI SUSU,PAHANG,KUANTAN,4.60,4.00,80.80
2012,BUAH-BUAHAN,TEMBIKAI WANGI,SELANGOR,KLANG,2.30,2.30,88.60
2012,BUAH-BUAHAN,TEMBIKAI SUSU,SELANGOR,PETALING,3.40,2.70,88.60
2012,BUAH-BUAHAN,TEMBIKAI SUSU,KELANTAN,MACHANG,6.70,6.70,82.50
2012,BUAH-BUAHAN,TEMBIKAI SUSU,NEGERI SEMBILAN,PORT DICKSON,3.20,3.20,96.00
2012,BUAH-BUAHAN,TEMBIKAI WANGI,JOHOR,BATU PAHAT,103.60,0.00,0.00
2012,BUAH-BUAHAN,TEMBIKAI SUSU,KELANTAN,TANAH MERAH,5.59,5.59,96.70
2012,BUAH-BUAHAN,TEMBIKAI SUSU,KELANTAN,PASIR PUTEH,6.60,6.60,112.00
2012,BUAH-BUAHAN,TEMBIKAI SUSU,KELANTAN,TUMPAT,8.50,8.50,135.00
2012,BUAH-BUAHAN,TEMBIKAI SUSU,KELANTAN,PASIR MAS,11.82,11.02,141.62
2012,BUAH-BUAHAN,TEMBIKAI SUSU,KELANTAN,BACHOK,24.10,24.10,158.60
2012,BUAH-BUAHAN,TEMBIKAI WANGI,KEDAH,PENDANG,23.00,23.00,340.00
2012,BUAH-BUAHAN,TEMBIKAI WANGI,SELANGOR,SABAK BERNAM,16.20,16.20,354.55
2012,BUAH-BUAHAN,TEMBIKAI SUSU,PAHANG,TEMERLOH,46.00,46.00,460.00
2012,BUAH-BUAHAN,TEMBIKAI WANGI,KELANTAN,KOTA BHARU,30.20,30.20,504.05
2012,BUAH-BUAHAN,TEMBIKAI SUSU,PAHANG,PEKAN,45.00,40.00,480.00
2012,BUAH-BUAHAN,TEMBIKAI WANGI,KELANTAN,PASIR PUTEH,32.90,32.90,520.10
2012,BUAH-BUAHAN,TEMBIKAI SUSU,MELAKA,ALOR GAJAH,39.00,39.00,702.00
2012,BUAH-BUAHAN,TEMBIKAI SUSU,KEDAH,BANDAR BAHARU,40.00,40.00,1020.00
2012,BUAH-BUAHAN,TEMBIKAI SUSU,JOHOR,SEGAMAT,80.00,76.00,1260.33
2012,BUAH-BUAHAN,TEMBIKAI WANGI,KELANTAN,BACHOK,120.60,116.60,1201.63
2012,BUAH-BUAHAN,TEMBIKAI SUSU,TERENGGANU,BESUT,49.98,47.45,1478.75
2012,BUAH-BUAHAN,TEMBIKAI SUSU,MELAKA,JASIN,80.00,80.00,1440.00
2012,BUAH-BUAHAN,TEMBIKAI,PULAU PINANG,SEBERANG PERAI SELATAN,10.60,9.80,133.24
2012,BUAH-BUAHAN,TEMBIKAI SUSU,KEDAH,KUALA MUDA,80.00,80.00,1600.00
2012,BUAH-BUAHAN,TEMBIKAI SUSU,TERENGGANU,SETIU,138.56,138.46,1488.98
2012,BUAH-BUAHAN,TEMBIKAI SUSU,KEDAH,PENDANG,37.00,34.00,1699.00
2012,BUAH-BUAHAN,TEMBIKAI SUSU,KEDAH,PADANG TERAP,355.00,352.00,3402.50
2012,BUAH-BUAHAN,TEMBIKAI,SABAH,TELUPID,1.00,1.00,6.00
2012,BUAH-BUAHAN,TEMBIKAI,SARAWAK,BETONG,0.50,0.50,9.00
2012,BUAH-BUAHAN,TEMBIKAI,SARAWAK,MATU,2.80,0.60,9.20
2012,BUAH-BUAHAN,TEMBIKAI,PAHANG,RAUB,3.94,3.02,9.73
2012,BUAH-BUAHAN,TEMBIKAI,NEGERI SEMBILAN,KUALA PILAH,1.00,0.50,10.00
2012,BUAH-BUAHAN,TEMBIKAI,SARAWAK,PAKAN,1.00,1.00,10.00
2012,BUAH-BUAHAN,TEMBIKAI,SARAWAK,BARAM,1.20,1.20,12.00
2012,BUAH-BUAHAN,TEMBIKAI,PAHANG,JERANTUT,1.00,1.00,20.00
2012,BUAH-BUAHAN,TEMBIKAI,PAHANG,BENTONG,1.20,1.00,24.00
2012,BUAH-BUAHAN,TEMBIKAI,SARAWAK,TATAU,2.00,1.50,24.00
2012,BUAH-BUAHAN,TEMBIKAI,PAHANG,MARAN,1.60,1.60,36.60
2012,BUAH-BUAHAN,TEMBIKAI,SABAH,KUNAK,7.00,7.00,47.00
2012,BUAH-BUAHAN,TEMBIKAI,SARAWAK,BINTULU,4.30,3.00,47.70
2012,BUAH-BUAHAN,TEMBIKAI,SABAH,SOOK,4.00,4.00,48.00
2012,BUAH-BUAHAN,TEMBIKAI,SABAH,LAHAD DATU,3.00,3.00,50.20
2012,BUAH-BUAHAN,TEMBIKAI,SARAWAK,LAWAS,3.40,3.40,53.30
2012,BUAH-BUAHAN,TEMBIKAI,SARAWAK,MUKAH,5.00,3.60,54.00
2012,BUAH-BUAHAN,TEMBIKAI,SARAWAK,DALAT,4.00,3.50,55.00
2012,BUAH-BUAHAN,TEMBIKAI,SABAH,KUDAT,8.50,8.50,59.50
2012,BUAH-BUAHAN,TEMBIKAI,SABAH,KOTA KINABALU,3.00,3.00,60.00
2012,BUAH-BUAHAN,TEMBIKAI,PAHANG,LIPIS,3.85,3.69,64.37
2012,BUAH-BUAHAN,TEMBIKAI,SARAWAK,DARO,11.20,6.80,66.20
2012,BUAH-BUAHAN,TEMBIKAI,SARAWAK,SONG,5.00,5.00,75.00
2012,BUAH-BUAHAN,TEMBIKAI,SARAWAK,BELAGA,7.00,7.00,84.00
2012,BUAH-BUAHAN,TEMBIKAI,SARAWAK,KANOWIT,5.50,5.50,90.00
2012,BUAH-BUAHAN,TEMBIKAI,PERAK,KINTA,5.00,3.80,95.00
2012,BUAH-BUAHAN,TEMBIKAI,SABAH,KOTA MARUDU,20.00,20.00,100.00
2012,BUAH-BUAHAN,TEMBIKAI,SELANGOR,KLANG,5.00,4.50,108.00
2012,BUAH-BUAHAN,TEMBIKAI,KEDAH,YAN,6.00,6.00,108.00
2012,BUAH-BUAHAN,TEMBIKAI,SELANGOR,KUALA SELANGOR,6.00,5.90,115.18
2012,BUAH-BUAHAN,TEMBIKAI,SARAWAK,LUBOK ANTU,7.50,7.50,115.50
2012,BUAH-BUAHAN,TEMBIKAI,TERENGGANU,DUNGUN,9.60,9.04,161.30
2012,BUAH-BUAHAN,TEMBIKAI,SARAWAK,SERIAN,9.50,9.50,165.00
2012,BUAH-BUAHAN,TEMBIKAI,SARAWAK,SAMARAHAN,11.00,11.00,165.00
2012,BUAH-BUAHAN,TEMBIKAI,SARAWAK,KAPIT,17.90,14.90,178.80
2012,BUAH-BUAHAN,TEMBIKAI,SABAH,KOTA BELUD,18.00,18.00,200.50
2012,BUAH-BUAHAN,TEMBIKAI,KEDAH,PENDANG,10.00,10.00,220.00
2012,BUAH-BUAHAN,TEMBIKAI,SABAH,SANDAKAN,18.00,18.00,240.00
2012,BUAH-BUAHAN,TEMBIKAI,SARAWAK,SRI AMAN,26.70,16.90,265.60
2012,BUAH-BUAHAN,TEMBIKAI,PERAK,LARUT MATANG / SELAMA,16.00,16.00,320.00
2012,BUAH-BUAHAN,TEMBIKAI,KEDAH,LANGKAWI,19.90,18.20,324.46
2012,BUAH-BUAHAN,TEMBIKAI,JOHOR,JOHOR BAHRU,12.90,11.80,330.40
2012,BUAH-BUAHAN,TEMBIKAI,SARAWAK,MIRI,32.70,20.70,342.60
2012,BUAH-BUAHAN,TEMBIKAI,KELANTAN,PASIR MAS,30.40,30.33,405.31
2012,BUAH-BUAHAN,TEMBIKAI,KELANTAN,KUALA KRAI,23.50,23.50,413.86
2012,BUAH-BUAHAN,TEMBIKAI,NEGERI SEMBILAN,JEMPOL,36.70,36.70,448.80
2012,BUAH-BUAHAN,TEMBIKAI,SABAH,TAWAU,25.50,23.60,478.80
2012,BUAH-BUAHAN,TEMBIKAI,PAHANG,KUANTAN,104.60,104.60,482.03
2012,BUAH-BUAHAN,TEMBIKAI,KELANTAN,GUA MUSANG,18.80,17.35,553.99
2012,BUAH-BUAHAN,TEMBIKAI,KEDAH,BALING,48.00,48.00,628.63
2012,BUAH-BUAHAN,TEMBIKAI,KEDAH,KULIM,38.50,37.50,645.00
2012,BUAH-BUAHAN,TEMBIKAI,MELAKA,MELAKA TENGAH,39.00,39.00,702.00
2012,BUAH-BUAHAN,TEMBIKAI,SABAH,TUARAN,31.00,31.00,710.00
2012,BUAH-BUAHAN,TEMBIKAI,SARAWAK,SARIKEI,47.00,44.00,783.00
2012,BUAH-BUAHAN,TEMBIKAI,TERENGGANU,HULU TERENGGANU,40.00,40.00,800.00
2012,BUAH-BUAHAN,TEMBIKAI,PERAK,MANJUNG,56.00,56.00,986.00
2012,BUAH-BUAHAN,TEMBIKAI,SARAWAK,SARATOK,60.00,60.00,989.00
2012,BUAH-BUAHAN,TEMBIKAI,PAHANG,TEMERLOH,56.00,53.00,1074.90
2012,BUAH-BUAHAN,TEMBIKAI,NEGERI SEMBILAN,SEREMBAN,96.00,87.00,1251.90
2012,BUAH-BUAHAN,TEMBIKAI,SABAH,SIPITANG,63.70,63.70,1273.00
2012,BUAH-BUAHAN,TEMBIKAI,SABAH,BEAUFORT,108.00,108.00,1356.40
2012,BUAH-BUAHAN,TEMBIKAI,KELANTAN,KOTA BHARU,87.80,87.80,1380.70
2012,BUAH-BUAHAN,TEMBIKAI,JOHOR,MUAR,75.00,75.00,1500.00
2012,BUAH-BUAHAN,TEMBIKAI,KELANTAN,JELI,92.60,89.00,1560.00
2012,BUAH-BUAHAN,TEMBIKAI,PERLIS,PERLIS,123.22,123.22,1667.38
2012,BUAH-BUAHAN,TEMBIKAI,SARAWAK,SIMUNJAN,133.80,118.60,1675.00
2012,BUAH-BUAHAN,TEMBIKAI,MELAKA,ALOR GAJAH,96.00,96.00,1728.00
2012,BUAH-BUAHAN,TEMBIKAI,KELANTAN,TANAH MERAH,81.30,81.30,1769.73
2012,BUAH-BUAHAN,TEMBIKAI,KELANTAN,TUMPAT,91.47,90.17,1884.74
2012,BUAH-BUAHAN,TEMBIKAI,KEDAH,KUALA MUDA,146.60,146.50,1887.00
2012,BUAH-BUAHAN,TEMBIKAI,SARAWAK,KUCHING,118.70,115.20,1929.40
2012,BUAH-BUAHAN,TEMBIKAI,JOHOR,MERSING,106.60,78.50,1962.50
2012,BUAH-BUAHAN,TEMBIKAI,TERENGGANU,KEMAMAN,98.65,98.65,2244.35
2012,BUAH-BUAHAN,TEMBIKAI,KEDAH,BANDAR BAHARU,129.00,129.00,2435.00
2012,BUAH-BUAHAN,TEMBIKAI,PAHANG,PEKAN,241.20,81.20,2561.56
2012,BUAH-BUAHAN,TEMBIKAI,TERENGGANU,KUALA TERENGGANU,149.40,147.90,2732.90
2012,BUAH-BUAHAN,TEMBIKAI,SELANGOR,GOMBAK,112.00,100.00,2800.00
2012,BUAH-BUAHAN,TEMBIKAI,SARAWAK,ASAJAYA,196.00,196.00,2882.50
2012,BUAH-BUAHAN,TEMBIKAI,TERENGGANU,BESUT,167.56,167.46,3246.32
2012,BUAH-BUAHAN,TEMBIKAI,KELANTAN,MACHANG,179.33,179.33,3296.10
2012,BUAH-BUAHAN,TEMBIKAI,SARAWAK,LUNDU,344.40,210.40,3554.00
2012,BUAH-BUAHAN,TEMBIKAI,TERENGGANU,MARANG,203.80,192.50,3572.00
2012,BUAH-BUAHAN,TEMBIKAI,JOHOR,TANGKAK,194.97,194.97,3899.40
2012,BUAH-BUAHAN,TEMBIKAI,NEGERI SEMBILAN,PORT DICKSON,196.30,195.50,3989.70
2012,BUAH-BUAHAN,TEMBIKAI,PAHANG,BERA,201.40,201.40,4200.27
2012,BUAH-BUAHAN,TEMBIKAI,PAHANG,ROMPIN,234.40,234.40,4220.00
2012,BUAH-BUAHAN,TEMBIKAI,SABAH,PAPAR,465.00,465.00,7520.00
2012,BUAH-BUAHAN,TEMBIKAI,KEDAH,KUBANG PASU,550.50,548.50,8214.22
2012,BUAH-BUAHAN,TEMBIKAI,TERENGGANU,SETIU,880.92,811.72,8757.34
2012,BUAH-BUAHAN,TEMBIKAI,PERAK,HILIR PERAK,173.38,173.38,9836.84
2012,BUAH-BUAHAN,TEMBIKAI,KELANTAN,BACHOK,771.30,679.60,10209.00
2012,BUAH-BUAHAN,TEMBIKAI,KEDAH,PADANG TERAP,802.00,798.00,11281.70
2012,BUAH-BUAHAN,TEMBIKAI,KELANTAN,PASIR PUTEH,589.30,587.30,15248.30
2012,BUAH-BUAHAN,TEMBIKAI,JOHOR,SEGAMAT,705.00,691.00,18388.80
2012,BUAH-BUAHAN,TEMBIKAI,JOHOR,KOTA TINGGI,813.50,760.00,22500.00
2012,BUAH-BUAHAN,TEMBIKAI,JOHOR,KLUANG,1120.00,1120.00,30450.00
2013,BUAH-BUAHAN,TEMBIKAI SUSU,PERAK,KERIAN,0.20,0.20,1.60
2013,BUAH-BUAHAN,TEMBIKAI WANGI,TERENGGANU,DUNGUN,1.00,1.00,2.00
2013,BUAH-BUAHAN,TEMBIKAI SUSU,PERAK,MANJUNG,0.20,0.20,4.21
2013,BUAH-BUAHAN,TEMBIKAI SUSU,TERENGGANU,KUALA TERENGGANU,0.40,0.40,4.00
2013,BUAH-BUAHAN,TEMBIKAI SUSU,TERENGGANU,DUNGUN,0.13,0.13,5.12
2013,BUAH-BUAHAN,TEMBIKAI SUSU,TERENGGANU,SETIU,1.00,1.00,3.95
2013,BUAH-BUAHAN,TEMBIKAI SUSU,TERENGGANU,MARANG,0.80,0.80,5.00
2013,BUAH-BUAHAN,TEMBIKAI SUSU,SELANGOR,SABAK BERNAM,0.80,0.80,5.00
2013,BUAH-BUAHAN,TEMBIKAI SUSU,NEGERI SEMBILAN,KUALA PILAH,0.60,0.60,7.25
2013,BUAH-BUAHAN,TEMBIKAI SUSU,JOHOR,MUAR,0.77,0.67,9.72
2013,BUAH-BUAHAN,TEMBIKAI SUSU,SELANGOR,SEPANG,0.80,0.60,10.16
2013,BUAH-BUAHAN,TEMBIKAI WANGI,KELANTAN,TANAH MERAH,0.80,0.80,13.01
2013,BUAH-BUAHAN,TEMBIKAI SUSU,SELANGOR,KUALA LANGAT,0.80,0.80,13.40
2013,BUAH-BUAHAN,TEMBIKAI SUSU,PERLIS,PERLIS,2.00,2.00,12.00
2013,BUAH-BUAHAN,TEMBIKAI SUSU,NEGERI SEMBILAN,SEREMBAN,1.30,0.75,15.75
2013,BUAH-BUAHAN,TEMBIKAI SUSU,NEGERI SEMBILAN,JELEBU,1.00,1.00,17.10
2013,BUAH-BUAHAN,TEMBIKAI WANGI,TERENGGANU,KUALA TERENGGANU,1.00,1.00,17.50
2013,BUAH-BUAHAN,TEMBIKAI SUSU,SELANGOR,KUALA SELANGOR,1.00,1.00,18.00
2013,BUAH-BUAHAN,TEMBIKAI WANGI,TERENGGANU,MARANG,2.00,2.00,16.20
2013,BUAH-BUAHAN,TEMBIKAI SUSU,MELAKA,MELAKA TENGAH,0.49,0.42,19.57
2013,BUAH-BUAHAN,TEMBIKAI SUSU,SELANGOR,HULU SELANGOR,2.08,2.08,21.65
2013,BUAH-BUAHAN,TEMBIKAI SUSU,KELANTAN,KOTA BHARU,2.00,2.00,25.00
2013,BUAH-BUAHAN,TEMBIKAI SUSU,TERENGGANU,HULU TERENGGANU,1.30,1.30,29.25
2013,BUAH-BUAHAN,TEMBIKAI SUSU,JOHOR,BATU PAHAT,1.62,0.78,35.94
2013,BUAH-BUAHAN,TEMBIKAI WANGI,KELANTAN,MACHANG,4.00,4.00,32.20
2013,BUAH-BUAHAN,TEMBIKAI WANGI,KELANTAN,TUMPAT,1.60,1.60,38.40
2013,BUAH-BUAHAN,TEMBIKAI WANGI,TERENGGANU,BESUT,2.20,2.20,38.68
2013,BUAH-BUAHAN,TEMBIKAI SUSU,MELAKA,ALOR GAJAH,3.00,3.00,44.70
2013,BUAH-BUAHAN,TEMBIKAI SUSU,NEGERI SEMBILAN,REMBAU,3.00,3.00,55.50
2013,BUAH-BUAHAN,TEMBIKAI SUSU,MELAKA,JASIN,2.00,2.00,60.00
2013,BUAH-BUAHAN,TEMBIKAI SUSU,SELANGOR,KLANG,4.30,4.30,68.10
2013,BUAH-BUAHAN,TEMBIKAI SUSU,KELANTAN,TANAH MERAH,1.44,1.44,79.80
2013,BUAH-BUAHAN,TEMBIKAI WANGI,SELANGOR,KLANG,2.30,2.30,88.60
2013,BUAH-BUAHAN,TEMBIKAI WANGI,KELANTAN,PASIR MAS,8.65,8.65,78.92
2013,BUAH-BUAHAN,TEMBIKAI SUSU,KELANTAN,PASIR PUTEH,6.40,6.40,87.32
2013,BUAH-BUAHAN,TEMBIKAI SUSU,PERAK,KINTA,4.38,4.38,111.85
2013,BUAH-BUAHAN,TEMBIKAI WANGI,SELANGOR,SABAK BERNAM,12.40,12.40,102.01
2013,BUAH-BUAHAN,TEMBIKAI SUSU,KELANTAN,PASIR MAS,10.60,10.60,119.31
2013,BUAH-BUAHAN,TEMBIKAI SUSU,KELANTAN,TUMPAT,8.50,8.50,135.00
2013,BUAH-BUAHAN,TEMBIKAI SUSU,NEGERI SEMBILAN,PORT DICKSON,5.20,5.20,150.08
2013,BUAH-BUAHAN,TEMBIKAI SUSU,SELANGOR,PETALING,7.88,6.37,222.28
2013,BUAH-BUAHAN,TEMBIKAI SUSU,JOHOR,SEGAMAT,73.80,70.50,110.40
2013,BUAH-BUAHAN,TEMBIKAI SUSU,KELANTAN,MACHANG,16.10,15.90,240.20
2013,BUAH-BUAHAN,TEMBIKAI WANGI,KEDAH,PENDANG,20.00,20.00,331.50
2013,BUAH-BUAHAN,TEMBIKAI WANGI,KELANTAN,PASIR PUTEH,26.72,26.70,363.86
2013,BUAH-BUAHAN,TEMBIKAI SUSU,KELANTAN,BACHOK,47.38,33.38,407.20
2013,BUAH-BUAHAN,TEMBIKAI SUSU,KEDAH,PADANG TERAP,59.50,59.50,370.00
2013,BUAH-BUAHAN,TEMBIKAI WANGI,KELANTAN,KOTA BHARU,50.10,50.10,786.56
2013,BUAH-BUAHAN,TEMBIKAI SUSU,PAHANG,TEMERLOH,52.00,50.00,798.59
2013,BUAH-BUAHAN,TEMBIKAI SUSU,TERENGGANU,BESUT,24.90,24.90,992.23
2013,BUAH-BUAHAN,TEMBIKAI SUSU,PAHANG,PEKAN,111.00,106.20,1254.00
2013,BUAH-BUAHAN,TEMBIKAI WANGI,KELANTAN,BACHOK,114.50,110.50,1605.90
2013,BUAH-BUAHAN,TEMBIKAI,JOHOR,TANGKAK,194.97,194.97,4.06
2013,BUAH-BUAHAN,TEMBIKAI,PERAK,PERAK TENGAH,0.40,0.40,4.69
2013,BUAH-BUAHAN,TEMBIKAI,PERAK,HULU PERAK,0.40,0.40,6.25
2013,BUAH-BUAHAN,TEMBIKAI,SARAWAK,PAKAN,1.00,1.00,10.41
2013,BUAH-BUAHAN,TEMBIKAI,SELANGOR,PETALING,1.20,1.00,10.41
2013,BUAH-BUAHAN,TEMBIKAI,SARAWAK,BARAM,1.20,1.20,12.49
2013,BUAH-BUAHAN,TEMBIKAI,PERAK,KUALA KANGSAR,0.60,0.60,13.53
2013,BUAH-BUAHAN,TEMBIKAI,SABAH,KUNAK,2.00,2.00,13.54
2013,BUAH-BUAHAN,TEMBIKAI,SARAWAK,TATAU,2.00,1.30,21.24
2013,BUAH-BUAHAN,TEMBIKAI,PERAK,BATANG PADANG,1.60,1.40,23.60
2013,BUAH-BUAHAN,TEMBIKAI,SARAWAK,BINTULU,4.30,1.60,25.82
2013,BUAH-BUAHAN,TEMBIKAI,SABAH,SOOK,2.00,2.00,26.03
2013,BUAH-BUAHAN,TEMBIKAI,PULAU PINANG,SEBERANG PERAI TENGAH,4.00,2.80,26.24
2013,BUAH-BUAHAN,TEMBIKAI,PULAU PINANG,SEBERANG PERAI SELATAN,5.10,3.57,33.46
2013,BUAH-BUAHAN,TEMBIKAI,SARAWAK,MATU,5.90,3.10,38.00
2013,BUAH-BUAHAN,TEMBIKAI,SABAH,KOTA MARUDU,17.00,17.00,49.98
2013,BUAH-BUAHAN,TEMBIKAI,PAHANG,JERANTUT,2.50,2.50,52.06
2013,BUAH-BUAHAN,TEMBIKAI,SARAWAK,LAWAS,3.40,3.40,53.20
2013,BUAH-BUAHAN,TEMBIKAI,SABAH,KOTA KINABALU,3.00,3.00,54.66
2013,BUAH-BUAHAN,TEMBIKAI,KEDAH,YAN,3.00,3.00,56.22
2013,BUAH-BUAHAN,TEMBIKAI,SARAWAK,DALAT,4.00,3.50,57.26
2013,BUAH-BUAHAN,TEMBIKAI,SABAH,KUDAT,8.50,8.50,60.39
2013,BUAH-BUAHAN,TEMBIKAI,SABAH,LAHAD DATU,4.00,4.00,62.47
2013,BUAH-BUAHAN,TEMBIKAI,SELANGOR,KUALA SELANGOR,6.06,5.42,64.91
2013,BUAH-BUAHAN,TEMBIKAI,SARAWAK,MUKAH,9.20,4.60,71.84
2013,BUAH-BUAHAN,TEMBIKAI,JOHOR,KULAI,3.00,3.00,73.70
2013,BUAH-BUAHAN,TEMBIKAI,SARAWAK,SONG,5.00,5.00,78.09
2013,BUAH-BUAHAN,TEMBIKAI,SARAWAK,DARO,12.30,7.70,78.29
2013,BUAH-BUAHAN,TEMBIKAI,SARAWAK,BELAGA,7.00,7.00,87.46
2013,BUAH-BUAHAN,TEMBIKAI,SARAWAK,KANOWIT,5.50,5.50,93.70
2013,BUAH-BUAHAN,TEMBIKAI,SELANGOR,KLANG,5.00,4.50,112.44
2013,BUAH-BUAHAN,TEMBIKAI,TERENGGANU,DUNGUN,5.65,5.20,117.64
2013,BUAH-BUAHAN,TEMBIKAI,SARAWAK,LUBOK ANTU,7.50,7.50,120.25
2013,BUAH-BUAHAN,TEMBIKAI,JOHOR,JOHOR BAHRU,25.00,24.00,149.93
2013,BUAH-BUAHAN,TEMBIKAI,PAHANG,KUANTAN,38.80,38.80,156.92
2013,BUAH-BUAHAN,TEMBIKAI,SABAH,SANDAKAN,10.00,10.00,170.75
2013,BUAH-BUAHAN,TEMBIKAI,SARAWAK,SERIAN,9.50,9.50,171.79
2013,BUAH-BUAHAN,TEMBIKAI,SARAWAK,KAPIT,17.90,14.80,184.91
2013,BUAH-BUAHAN,TEMBIKAI,SARAWAK,SAMARAHAN,14.50,14.00,218.64
2013,BUAH-BUAHAN,TEMBIKAI,KEDAH,BALING,12.00,12.00,273.26
2013,BUAH-BUAHAN,TEMBIKAI,SARAWAK,SRI AMAN,26.70,16.90,276.53
2013,BUAH-BUAHAN,TEMBIKAI,PAHANG,MARAN,12.60,12.60,299.12
2013,BUAH-BUAHAN,TEMBIKAI,SABAH,KOTA BELUD,40.00,40.00,338.38
2013,BUAH-BUAHAN,TEMBIKAI,SABAH,TUARAN,15.60,15.60,351.09
2013,BUAH-BUAHAN,TEMBIKAI,SARAWAK,MIRI,39.20,24.20,356.70
2013,BUAH-BUAHAN,TEMBIKAI,PERAK,HILIR PERAK,15.00,15.00,388.51
2013,BUAH-BUAHAN,TEMBIKAI,JOHOR,MERSING,19.30,19.30,502.36
2013,BUAH-BUAHAN,TEMBIKAI,KEDAH,PENDANG,20.00,20.00,530.99
2013,BUAH-BUAHAN,TEMBIKAI,KELANTAN,KUALA KRAI,25.62,24.42,554.31
2013,BUAH-BUAHAN,TEMBIKAI,SARAWAK,SIMUNJAN,74.10,55.50,603.04
2013,BUAH-BUAHAN,TEMBIKAI,PERAK,KINTA,20.00,20.00,624.69
2013,BUAH-BUAHAN,TEMBIKAI,KEDAH,KUALA MUDA,84.00,84.00,650.72
2013,BUAH-BUAHAN,TEMBIKAI,KEDAH,LANGKAWI,41.50,37.14,686.41
2013,BUAH-BUAHAN,TEMBIKAI,MELAKA,MELAKA TENGAH,58.80,58.80,761.00
2013,BUAH-BUAHAN,TEMBIKAI,SARAWAK,SARIKEI,45.00,42.00,783.99
2013,BUAH-BUAHAN,TEMBIKAI,NEGERI SEMBILAN,TAMPIN,69.00,69.00,853.75
2013,BUAH-BUAHAN,TEMBIKAI,KELANTAN,GUA MUSANG,51.00,50.50,913.53
2013,BUAH-BUAHAN,TEMBIKAI,SARAWAK,SARATOK,60.00,60.00,1029.70
2013,BUAH-BUAHAN,TEMBIKAI,PAHANG,TEMERLOH,90.90,89.90,1114.77
2013,BUAH-BUAHAN,TEMBIKAI,MELAKA,ALOR GAJAH,127.90,78.20,1134.40
2013,BUAH-BUAHAN,TEMBIKAI,KELANTAN,JELI,83.14,82.16,1143.59
2013,BUAH-BUAHAN,TEMBIKAI,KELANTAN,PASIR MAS,72.45,69.72,1164.46
2013,BUAH-BUAHAN,TEMBIKAI,TERENGGANU,HULU TERENGGANU,50.40,40.40,1168.17
2013,BUAH-BUAHAN,TEMBIKAI,KELANTAN,KOTA BHARU,69.15,69.15,1168.44
2013,BUAH-BUAHAN,TEMBIKAI,SABAH,SIPITANG,63.70,63.70,1192.85
2013,BUAH-BUAHAN,TEMBIKAI,SELANGOR,GOMBAK,110.00,110.00,1202.54
2013,BUAH-BUAHAN,TEMBIKAI,TERENGGANU,KEMAMAN,67.50,70.30,1236.51
2013,BUAH-BUAHAN,TEMBIKAI,KEDAH,PADANG TERAP,169.00,165.00,1249.39
2013,BUAH-BUAHAN,TEMBIKAI,PERLIS,PERLIS,62.85,62.85,1309.80
2013,BUAH-BUAHAN,TEMBIKAI,SABAH,TAWAU,58.00,58.00,1511.76
2013,BUAH-BUAHAN,TEMBIKAI,SABAH,BEAUFORT,108.00,108.00,1580.48
2013,BUAH-BUAHAN,TEMBIKAI,PERAK,MANJUNG,68.00,67.00,1707.17
2013,BUAH-BUAHAN,TEMBIKAI,TERENGGANU,KUALA TERENGGANU,100.94,100.94,1774.16
2013,BUAH-BUAHAN,TEMBIKAI,KEDAH,BANDAR BAHARU,122.00,117.00,2117.71
2013,BUAH-BUAHAN,TEMBIKAI,SARAWAK,KUCHING,124.70,123.70,2179.55
2013,BUAH-BUAHAN,TEMBIKAI,KELANTAN,TUMPAT,102.44,101.84,2183.77
2013,BUAH-BUAHAN,TEMBIKAI,KEDAH,KULIM,142.00,142.00,2441.51
2013,BUAH-BUAHAN,TEMBIKAI,KELANTAN,TANAH MERAH,121.30,121.30,2497.76
2013,BUAH-BUAHAN,TEMBIKAI,TERENGGANU,MARANG,178.90,149.70,2596.12
2013,BUAH-BUAHAN,TEMBIKAI,NEGERI SEMBILAN,SEREMBAN,140.00,140.00,2707.02
2013,BUAH-BUAHAN,TEMBIKAI,KELANTAN,MACHANG,163.32,162.92,2898.37
2013,BUAH-BUAHAN,TEMBIKAI,SARAWAK,ASAJAYA,191.20,189.50,2928.24
2013,BUAH-BUAHAN,TEMBIKAI,PERAK,LARUT MATANG / SELAMA,130.44,123.90,3058.06
2013,BUAH-BUAHAN,TEMBIKAI,SABAH,PAPAR,267.00,267.00,3191.14
2013,BUAH-BUAHAN,TEMBIKAI,SARAWAK,LUNDU,339.40,210.40,3700.25
2013,BUAH-BUAHAN,TEMBIKAI,NEGERI SEMBILAN,PORT DICKSON,218.50,218.50,5199.33
2013,BUAH-BUAHAN,TEMBIKAI,PAHANG,ROMPIN,344.10,341.10,5570.71
2013,BUAH-BUAHAN,TEMBIKAI,TERENGGANU,BESUT,311.32,310.32,6108.91
2013,BUAH-BUAHAN,TEMBIKAI,PAHANG,PEKAN,447.60,447.60,6176.42
2013,BUAH-BUAHAN,TEMBIKAI,KELANTAN,PASIR PUTEH,377.75,382.93,9202.03
2013,BUAH-BUAHAN,TEMBIKAI,TERENGGANU,SETIU,653.07,645.87,9629.89
2013,BUAH-BUAHAN,TEMBIKAI,KELANTAN,BACHOK,707.10,668.83,13381.63
2013,BUAH-BUAHAN,TEMBIKAI,KEDAH,KUBANG PASU,722.00,722.00,14305.38
2013,BUAH-BUAHAN,TEMBIKAI,JOHOR,SEGAMAT,705.00,619.00,16160.81
2013,BUAH-BUAHAN,TEMBIKAI,JOHOR,KLUANG,900.00,800.00,23321.87
2013,BUAH-BUAHAN,TEMBIKAI,JOHOR,KOTA TINGGI,1138.00,1133.50,34938.67
2014,BUAH-BUAHAN,TEMBIKAI SUSU,PAHANG,KUANTAN,0.16,0.16,0.93
2014,BUAH-BUAHAN,TEMBIKAI SUSU,NEGERI SEMBILAN,REMBAU,0.20,0.20,1.50
2014,BUAH-BUAHAN,TEMBIKAI WANGI,TERENGGANU,HULU TERENGGANU,0.50,0.50,1.05
2014,BUAH-BUAHAN,TEMBIKAI WANGI,KELANTAN,JELI,0.60,0.60,4.80
2014,BUAH-BUAHAN,TEMBIKAI SUSU,MELAKA,ALOR GAJAH,0.87,0.87,6.16
2014,BUAH-BUAHAN,TEMBIKAI SUSU,SELANGOR,GOMBAK,1.20,1.20,6.11
2014,BUAH-BUAHAN,TEMBIKAI SUSU,KELANTAN,PASIR PUTEH,0.80,0.80,8.21
2014,BUAH-BUAHAN,TEMBIKAI SUSU,TERENGGANU,DUNGUN,0.28,0.28,10.23
2014,BUAH-BUAHAN,TEMBIKAI WANGI,PAHANG,ROMPIN,0.40,0.40,12.00
2014,BUAH-BUAHAN,TEMBIKAI WANGI,SELANGOR,KUALA LANGAT,0.80,0.80,11.50
2014,BUAH-BUAHAN,TEMBIKAI SUSU,TERENGGANU,HULU TERENGGANU,1.20,1.20,13.80
2014,BUAH-BUAHAN,TEMBIKAI WANGI,SELANGOR,PETALING,0.50,0.50,15.46
2014,BUAH-BUAHAN,TEMBIKAI WANGI,TERENGGANU,MARANG,1.60,1.60,13.50
2014,BUAH-BUAHAN,TEMBIKAI SUSU,NEGERI SEMBILAN,KUALA PILAH,1.20,1.20,18.10
2014,BUAH-BUAHAN,TEMBIKAI SUSU,NEGERI SEMBILAN,SEREMBAN,1.39,1.29,19.22
2014,BUAH-BUAHAN,TEMBIKAI SUSU,SELANGOR,KUALA LANGAT,1.30,1.30,22.90
2014,BUAH-BUAHAN,TEMBIKAI SUSU,PERLIS,PERLIS,1.43,1.43,27.00
2014,BUAH-BUAHAN,TEMBIKAI WANGI,KELANTAN,TUMPAT,2.00,2.00,40.00
2014,BUAH-BUAHAN,TEMBIKAI SUSU,SELANGOR,HULU SELANGOR,4.98,4.98,42.33
2014,BUAH-BUAHAN,TEMBIKAI SUSU,JOHOR,BATU PAHAT,1.75,1.46,51.01
2014,BUAH-BUAHAN,TEMBIKAI SUSU,NEGERI SEMBILAN,JELEBU,3.00,3.00,51.30
2014,BUAH-BUAHAN,TEMBIKAI SUSU,KELANTAN,KOTA BHARU,4.00,4.00,50.20
2014,BUAH-BUAHAN,TEMBIKAI WANGI,JOHOR,KOTA TINGGI,3.00,3.00,62.00
2014,BUAH-BUAHAN,TEMBIKAI SUSU,PAHANG,LIPIS,3.00,3.00,75.00
2014,BUAH-BUAHAN,TEMBIKAI SUSU,SELANGOR,KUALA SELANGOR,7.80,7.30,76.30
2014,BUAH-BUAHAN,TEMBIKAI SUSU,MELAKA,MELAKA TENGAH,4.00,4.00,84.50
2014,BUAH-BUAHAN,TEMBIKAI SUSU,SELANGOR,KLANG,9.60,9.60,88.50
2014,BUAH-BUAHAN,TEMBIKAI WANGI,KELANTAN,PASIR PUTEH,7.28,7.28,102.67
2014,BUAH-BUAHAN,TEMBIKAI SUSU,KELANTAN,MACHANG,6.45,6.45,107.59
2014,BUAH-BUAHAN,TEMBIKAI SUSU,KELANTAN,TANAH MERAH,4.80,3.86,132.63
2014,BUAH-BUAHAN,TEMBIKAI WANGI,KELANTAN,PASIR MAS,6.76,6.73,132.56
2014,BUAH-BUAHAN,TEMBIKAI SUSU,SELANGOR,PETALING,5.98,5.58,146.30
2014,BUAH-BUAHAN,TEMBIKAI SUSU,KELANTAN,PASIR MAS,17.15,11.14,143.24
2014,BUAH-BUAHAN,TEMBIKAI SUSU,KELANTAN,TUMPAT,11.00,10.00,167.50
2014,BUAH-BUAHAN,TEMBIKAI SUSU,JOHOR,MUAR,5.92,5.92,218.70
2014,BUAH-BUAHAN,TEMBIKAI WANGI,SELANGOR,KLANG,17.00,17.00,199.11
2014,BUAH-BUAHAN,TEMBIKAI SUSU,PERAK,KINTA,10.20,8.20,221.00
2014,BUAH-BUAHAN,TEMBIKAI SUSU,MELAKA,JASIN,16.27,16.27,242.49
2014,BUAH-BUAHAN,TEMBIKAI SUSU,KELANTAN,BACHOK,34.20,34.20,358.70
2014,BUAH-BUAHAN,TEMBIKAI SUSU,KEDAH,BANDAR BAHARU,20.00,18.00,545.40
2014,BUAH-BUAHAN,TEMBIKAI SUSU,TERENGGANU,SETIU,42.91,42.90,509.29
2014,BUAH-BUAHAN,TEMBIKAI WANGI,MELAKA,JASIN,32.00,15.85,569.50
2014,BUAH-BUAHAN,TEMBIKAI WANGI,KELANTAN,KOTA BHARU,36.60,36.60,556.87
2014,BUAH-BUAHAN,TEMBIKAI SUSU,NEGERI SEMBILAN,PORT DICKSON,31.20,31.20,596.42
2014,BUAH-BUAHAN,TEMBIKAI SUSU,PAHANG,TEMERLOH,72.00,52.00,626.32
2014,BUAH-BUAHAN,TEMBIKAI SUSU,TERENGGANU,BESUT,17.75,17.75,1099.43
2014,BUAH-BUAHAN,TEMBIKAI WANGI,KELANTAN,BACHOK,90.93,90.93,1173.15
2014,BUAH-BUAHAN,TEMBIKAI,JOHOR,TANGKAK,194.97,194.97,3.90
2014,BUAH-BUAHAN,TEMBIKAI,PAHANG,RAUB,0.20,0.20,5.00
2014,BUAH-BUAHAN,TEMBIKAI,SABAH,TELUPID,1.00,1.00,6.00
2014,BUAH-BUAHAN,TEMBIKAI,SARAWAK,PAKAN,1.00,1.00,10.00
2014,BUAH-BUAHAN,TEMBIKAI,PERAK,PERAK TENGAH,1.60,1.60,10.00
2014,BUAH-BUAHAN,TEMBIKAI,SARAWAK,BETONG,1.00,0.80,12.00
2014,BUAH-BUAHAN,TEMBIKAI,SARAWAK,BARAM,1.20,1.20,12.00
2014,BUAH-BUAHAN,TEMBIKAI,PAHANG,PEKAN,0.80,0.80,14.40
2014,BUAH-BUAHAN,TEMBIKAI,SARAWAK,KANOWIT,5.50,1.00,15.00
2014,BUAH-BUAHAN,TEMBIKAI,KEDAH,PADANG TERAP,20.00,10.00,18.33
2014,BUAH-BUAHAN,TEMBIKAI,SARAWAK,TATAU,2.00,1.30,20.40
2014,BUAH-BUAHAN,TEMBIKAI,SABAH,KOTA MARUDU,6.40,6.40,20.40
2014,BUAH-BUAHAN,TEMBIKAI,SARAWAK,BINTULU,4.30,1.60,24.80
2014,BUAH-BUAHAN,TEMBIKAI,SABAH,KUNAK,5.90,5.90,26.60
2014,BUAH-BUAHAN,TEMBIKAI,SELANGOR,KLANG,1.00,1.00,30.00
2014,BUAH-BUAHAN,TEMBIKAI,SABAH,LAHAD DATU,3.00,3.00,36.40
2014,BUAH-BUAHAN,TEMBIKAI,SARAWAK,MATU,8.40,3.20,36.60
2014,BUAH-BUAHAN,TEMBIKAI,SARAWAK,LAWAS,3.40,3.10,44.10
2014,BUAH-BUAHAN,TEMBIKAI,PAHANG,JERANTUT,1.20,1.20,51.00
2014,BUAH-BUAHAN,TEMBIKAI,SABAH,KUDAT,7.50,7.50,54.50
2014,BUAH-BUAHAN,TEMBIKAI,SARAWAK,DALAT,4.00,3.50,55.00
2014,BUAH-BUAHAN,TEMBIKAI,KEDAH,YAN,3.00,3.00,55.50
2014,BUAH-BUAHAN,TEMBIKAI,SARAWAK,MUKAH,13.70,4.10,61.50
2014,BUAH-BUAHAN,TEMBIKAI,PERAK,KUALA KANGSAR,3.30,3.30,67.00
2014,BUAH-BUAHAN,TEMBIKAI,SABAH,SOOK,5.60,5.60,72.00
2014,BUAH-BUAHAN,TEMBIKAI,SARAWAK,SONG,5.00,5.00,75.00
2014,BUAH-BUAHAN,TEMBIKAI,SARAWAK,DARO,12.30,7.70,75.20
2014,BUAH-BUAHAN,TEMBIKAI,SARAWAK,BELAGA,7.00,7.00,84.00
2014,BUAH-BUAHAN,TEMBIKAI,PERLIS,PERLIS,7.87,7.87,95.80
2014,BUAH-BUAHAN,TEMBIKAI,SARAWAK,LUBOK ANTU,7.50,7.50,115.50
2014,BUAH-BUAHAN,TEMBIKAI,KEDAH,POKOK SENA,10.00,10.00,150.00
2014,BUAH-BUAHAN,TEMBIKAI,SABAH,SANDAKAN,10.00,10.00,150.00
2014,BUAH-BUAHAN,TEMBIKAI,SARAWAK,SERIAN,9.50,9.50,165.00
2014,BUAH-BUAHAN,TEMBIKAI,SARAWAK,KAPIT,17.90,14.80,177.60
2014,BUAH-BUAHAN,TEMBIKAI,SABAH,KOTA BELUD,20.00,20.00,190.50
2014,BUAH-BUAHAN,TEMBIKAI,KEDAH,LANGKAWI,12.95,12.95,194.62
2014,BUAH-BUAHAN,TEMBIKAI,SARAWAK,SAMARAHAN,16.30,13.30,199.50
2014,BUAH-BUAHAN,TEMBIKAI,PAHANG,BENTONG,40.00,20.00,203.00
2014,BUAH-BUAHAN,TEMBIKAI,SARAWAK,MIRI,44.30,19.70,216.60
2014,BUAH-BUAHAN,TEMBIKAI,PAHANG,MARAN,7.30,7.30,231.00
2014,BUAH-BUAHAN,TEMBIKAI,PAHANG,BERA,200.00,180.00,249.80
2014,BUAH-BUAHAN,TEMBIKAI,TERENGGANU,DUNGUN,16.70,14.40,262.02
2014,BUAH-BUAHAN,TEMBIKAI,SELANGOR,KUALA SELANGOR,64.40,64.20,271.03
2014,BUAH-BUAHAN,TEMBIKAI,PERAK,LARUT MATANG / SELAMA,85.06,56.50,299.70
2014,BUAH-BUAHAN,TEMBIKAI,SARAWAK,SRI AMAN,32.40,19.90,301.60
2014,BUAH-BUAHAN,TEMBIKAI,TERENGGANU,HULU TERENGGANU,27.60,27.10,302.10
2014,BUAH-BUAHAN,TEMBIKAI,SABAH,TUARAN,18.50,18.50,365.00
2014,BUAH-BUAHAN,TEMBIKAI,PAHANG,KUANTAN,43.80,43.80,384.19
2014,BUAH-BUAHAN,TEMBIKAI,KEDAH,BALING,21.00,21.00,411.32
2014,BUAH-BUAHAN,TEMBIKAI,KELANTAN,KUALA KRAI,23.15,23.15,417.58
2014,BUAH-BUAHAN,TEMBIKAI,JOHOR,MERSING,20.20,20.20,428.00
2014,BUAH-BUAHAN,TEMBIKAI,MELAKA,ALOR GAJAH,74.20,74.20,537.80
2014,BUAH-BUAHAN,TEMBIKAI,KEDAH,KUALA MUDA,81.00,81.00,585.00
2014,BUAH-BUAHAN,TEMBIKAI,SARAWAK,SIMUNJAN,90.00,58.70,596.30
2014,BUAH-BUAHAN,TEMBIKAI,KELANTAN,GUA MUSANG,44.75,43.75,603.67
2014,BUAH-BUAHAN,TEMBIKAI,MELAKA,MELAKA TENGAH,36.40,36.40,722.22
2014,BUAH-BUAHAN,TEMBIKAI,SARAWAK,SARIKEI,45.00,42.00,753.00
2014,BUAH-BUAHAN,TEMBIKAI,KELANTAN,PASIR MAS,90.70,61.30,860.30
2014,BUAH-BUAHAN,TEMBIKAI,SARAWAK,LUNDU,339.40,54.00,940.00
2014,BUAH-BUAHAN,TEMBIKAI,SABAH,BEAUFORT,60.00,60.00,951.90
2014,BUAH-BUAHAN,TEMBIKAI,KELANTAN,TANAH MERAH,50.30,50.30,953.53
2014,BUAH-BUAHAN,TEMBIKAI,NEGERI SEMBILAN,REMBAU,50.00,50.00,960.95
2014,BUAH-BUAHAN,TEMBIKAI,SARAWAK,SARATOK,60.00,60.00,989.00
2014,BUAH-BUAHAN,TEMBIKAI,PERAK,HILIR PERAK,78.30,78.30,1211.42
2014,BUAH-BUAHAN,TEMBIKAI,SABAH,TAWAU,50.00,50.00,1233.50
2014,BUAH-BUAHAN,TEMBIKAI,KELANTAN,KOTA BHARU,64.80,64.80,1270.48
2014,BUAH-BUAHAN,TEMBIKAI,SABAH,SIPITANG,63.70,63.70,1273.00
2014,BUAH-BUAHAN,TEMBIKAI,MELAKA,JASIN,69.00,69.00,1380.00
2014,BUAH-BUAHAN,TEMBIKAI,NEGERI SEMBILAN,SEREMBAN,101.00,101.00,1454.15
2014,BUAH-BUAHAN,TEMBIKAI,KELANTAN,JELI,76.19,72.92,1521.94
2014,BUAH-BUAHAN,TEMBIKAI,TERENGGANU,KEMAMAN,75.20,69.80,1527.15
2014,BUAH-BUAHAN,TEMBIKAI,KEDAH,BANDAR BAHARU,100.00,100.00,1678.85
2014,BUAH-BUAHAN,TEMBIKAI,PERAK,MANJUNG,94.90,84.90,1782.90
2014,BUAH-BUAHAN,TEMBIKAI,KELANTAN,MACHANG,95.73,93.43,1842.35
2014,BUAH-BUAHAN,TEMBIKAI,PAHANG,TEMERLOH,107.50,107.00,1880.74
2014,BUAH-BUAHAN,TEMBIKAI,KELANTAN,TUMPAT,98.42,94.52,1919.58
2014,BUAH-BUAHAN,TEMBIKAI,JOHOR,SEGAMAT,72.00,50.00,2076.00
2014,BUAH-BUAHAN,TEMBIKAI,KEDAH,KULIM,142.00,135.00,2107.07
2014,BUAH-BUAHAN,TEMBIKAI,SARAWAK,KUCHING,124.70,123.90,2116.10
2014,BUAH-BUAHAN,TEMBIKAI,TERENGGANU,KUALA TERENGGANU,106.88,106.90,2146.06
2014,BUAH-BUAHAN,TEMBIKAI,SELANGOR,GOMBAK,400.00,400.00,2500.00
2014,BUAH-BUAHAN,TEMBIKAI,SARAWAK,ASAJAYA,187.00,172.90,2566.00
2014,BUAH-BUAHAN,TEMBIKAI,SABAH,PAPAR,285.00,285.00,3080.00
2014,BUAH-BUAHAN,TEMBIKAI,TERENGGANU,BESUT,193.91,191.80,3429.48
2014,BUAH-BUAHAN,TEMBIKAI,TERENGGANU,MARANG,202.60,173.80,3488.39
2014,BUAH-BUAHAN,TEMBIKAI,NEGERI SEMBILAN,KUALA PILAH,279.50,279.50,4556.90
2014,BUAH-BUAHAN,TEMBIKAI,PAHANG,ROMPIN,262.80,262.80,6105.58
2014,BUAH-BUAHAN,TEMBIKAI,KELANTAN,PASIR PUTEH,287.11,286.64,7128.92
2014,BUAH-BUAHAN,TEMBIKAI,KEDAH,KUBANG PASU,410.60,410.60,8080.24
2014,BUAH-BUAHAN,TEMBIKAI,KELANTAN,BACHOK,556.30,554.30,10450.93
2014,BUAH-BUAHAN,TEMBIKAI,TERENGGANU,SETIU,778.57,765.77,14323.61
2014,BUAH-BUAHAN,TEMBIKAI,NEGERI SEMBILAN,JEMPOL,1021.20,929.20,17635.73
2014,BUAH-BUAHAN,TEMBIKAI,JOHOR,KLUANG,920.00,920.00,19980.60
2014,BUAH-BUAHAN,TEMBIKAI,JOHOR,KOTA TINGGI,1435.00,1430.00,28400.00
2015,BUAH-BUAHAN,TEMBIKAI WANGI,SELANGOR,SABAK BERNAM,0.20,0.20,2.55
2015,BUAH-BUAHAN,TEMBIKAI SUSU,NEGERI SEMBILAN,JEMPOL,0.70,0.70,3.50
2015,BUAH-BUAHAN,TEMBIKAI SUSU,PERAK,KUALA KANGSAR,0.17,0.17,4.75
2015,BUAH-BUAHAN,TEMBIKAI WANGI,SELANGOR,KUALA LANGAT,0.50,0.50,4.50
2015,BUAH-BUAHAN,TEMBIKAI SUSU,NEGERI SEMBILAN,KUALA PILAH,0.20,0.20,5.70
2015,BUAH-BUAHAN,TEMBIKAI WANGI,KELANTAN,PASIR PUTEH,0.42,0.42,5.38
2015,BUAH-BUAHAN,TEMBIKAI SUSU,TERENGGANU,HULU TERENGGANU,1.20,1.20,4.00
2015,BUAH-BUAHAN,TEMBIKAI SUSU,TERENGGANU,DUNGUN,0.13,0.13,6.60
2015,BUAH-BUAHAN,TEMBIKAI SUSU,PAHANG,LIPIS,0.80,0.80,10.00
2015,BUAH-BUAHAN,TEMBIKAI SUSU,NEGERI SEMBILAN,SEREMBAN,1.03,0.97,10.92
2015,BUAH-BUAHAN,TEMBIKAI WANGI,TERENGGANU,MARANG,1.40,1.40,11.50
2015,BUAH-BUAHAN,TEMBIKAI WANGI,SELANGOR,PETALING,1.20,1.20,14.00
2015,BUAH-BUAHAN,TEMBIKAI SUSU,JOHOR,KOTA TINGGI,1.40,1.40,14.90
2015,BUAH-BUAHAN,TEMBIKAI,SABAH,KINABATANGAN,20.00,0.00,0.00
2015,BUAH-BUAHAN,TEMBIKAI SUSU,KELANTAN,PASIR PUTEH,1.72,1.72,18.78
2015,BUAH-BUAHAN,TEMBIKAI SUSU,SELANGOR,KUALA LANGAT,2.60,2.60,17.89
2015,BUAH-BUAHAN,TEMBIKAI SUSU,PERAK,PERAK TENGAH,1.31,1.31,21.88
2015,BUAH-BUAHAN,TEMBIKAI SUSU,PERAK,MANJUNG,0.84,0.84,30.95
2015,BUAH-BUAHAN,TEMBIKAI SUSU,SELANGOR,HULU SELANGOR,4.56,4.56,37.00
2015,BUAH-BUAHAN,TEMBIKAI WANGI,KELANTAN,TUMPAT,2.00,2.00,48.00
2015,BUAH-BUAHAN,TEMBIKAI SUSU,JOHOR,BATU PAHAT,2.17,1.84,51.97
2015,BUAH-BUAHAN,TEMBIKAI SUSU,KELANTAN,KOTA BHARU,4.00,4.00,50.00
2015,BUAH-BUAHAN,TEMBIKAI SUSU,SELANGOR,PETALING,3.32,3.32,53.43
2015,BUAH-BUAHAN,TEMBIKAI WANGI,KELANTAN,MACHANG,2.80,2.80,58.00
2015,BUAH-BUAHAN,TEMBIKAI SUSU,SELANGOR,HULU LANGAT,2.40,2.40,61.40
2015,BUAH-BUAHAN,TEMBIKAI SUSU,MELAKA,JASIN,8.60,5.20,62.92
2015,BUAH-BUAHAN,TEMBIKAI SUSU,TERENGGANU,KUALA TERENGGANU,4.20,3.95,76.92
2015,BUAH-BUAHAN,TEMBIKAI WANGI,JOHOR,KOTA TINGGI,3.00,3.00,80.00
2015,BUAH-BUAHAN,TEMBIKAI SUSU,KELANTAN,BACHOK,6.39,6.39,79.58
2015,BUAH-BUAHAN,TEMBIKAI SUSU,KELANTAN,TANAH MERAH,5.27,4.55,102.30
2015,BUAH-BUAHAN,TEMBIKAI SUSU,PERAK,KINTA,6.10,4.60,102.98
2015,BUAH-BUAHAN,TEMBIKAI SUSU,KELANTAN,TUMPAT,8.50,6.70,109.70
2015,BUAH-BUAHAN,TEMBIKAI SUSU,KELANTAN,MACHANG,5.50,5.50,114.00
2015,BUAH-BUAHAN,TEMBIKAI SUSU,KELANTAN,PASIR MAS,10.61,9.11,108.21
2015,BUAH-BUAHAN,TEMBIKAI WANGI,SELANGOR,KLANG,6.40,6.40,133.60
2015,BUAH-BUAHAN,TEMBIKAI SUSU,MELAKA,ALOR GAJAH,13.10,13.10,160.13
2015,BUAH-BUAHAN,TEMBIKAI WANGI,KELANTAN,PASIR MAS,8.60,7.20,172.81
2015,BUAH-BUAHAN,TEMBIKAI SUSU,SELANGOR,KUALA SELANGOR,11.20,11.20,188.25
2015,BUAH-BUAHAN,TEMBIKAI WANGI,PAHANG,ROMPIN,12.00,12.00,190.40
2015,BUAH-BUAHAN,TEMBIKAI SUSU,MELAKA,MELAKA TENGAH,18.84,18.16,243.12
2015,BUAH-BUAHAN,TEMBIKAI SUSU,PERLIS,PERLIS,10.40,10.40,263.80
2015,BUAH-BUAHAN,TEMBIKAI WANGI,MELAKA,JASIN,89.30,58.00,561.06
2015,BUAH-BUAHAN,TEMBIKAI WANGI,KELANTAN,KOTA BHARU,48.40,48.40,696.10
2015,BUAH-BUAHAN,TEMBIKAI SUSU,SELANGOR,KLANG,35.00,34.80,808.00
2015,BUAH-BUAHAN,TEMBIKAI SUSU,TERENGGANU,BESUT,16.11,16.11,899.29
2015,BUAH-BUAHAN,TEMBIKAI SUSU,NEGERI SEMBILAN,REMBAU,45.00,45.00,877.50
2015,BUAH-BUAHAN,TEMBIKAI SUSU,JOHOR,MUAR,28.73,28.38,972.71
2015,BUAH-BUAHAN,TEMBIKAI SUSU,PAHANG,TEMERLOH,85.00,85.00,1312.98
2015,BUAH-BUAHAN,TEMBIKAI SUSU,NEGERI SEMBILAN,PORT DICKSON,122.00,122.00,2485.50
2015,BUAH-BUAHAN,TEMBIKAI WANGI,KELANTAN,BACHOK,212.72,212.72,3139.72
2015,BUAH-BUAHAN,TEMBIKAI SUSU,TERENGGANU,SETIU,243.04,242.79,3750.81
2015,BUAH-BUAHAN,TEMBIKAI,PAHANG,LIPIS,1.00,0.70,6.31
2015,BUAH-BUAHAN,TEMBIKAI,SABAH,TELUPID,0.80,0.80,7.00
2015,BUAH-BUAHAN,TEMBIKAI,PAHANG,PEKAN,2.80,2.80,8.20
2015,BUAH-BUAHAN,TEMBIKAI,SARAWAK,TATAU,2.00,0.60,9.90
2015,BUAH-BUAHAN,TEMBIKAI,SARAWAK,PAKAN,1.00,1.00,10.00
2015,BUAH-BUAHAN,TEMBIKAI,SARAWAK,BARAM,1.20,1.20,12.00
2015,BUAH-BUAHAN,TEMBIKAI,SARAWAK,BETONG,2.00,0.80,12.00
2015,BUAH-BUAHAN,TEMBIKAI,SARAWAK,KANOWIT,5.50,1.00,15.00
2015,BUAH-BUAHAN,TEMBIKAI,SELANGOR,KLANG,0.80,0.80,16.00
2015,BUAH-BUAHAN,TEMBIKAI,PERAK,KUALA KANGSAR,0.83,0.83,19.80
2015,BUAH-BUAHAN,TEMBIKAI,PAHANG,JERANTUT,2.00,2.00,24.00
2015,BUAH-BUAHAN,TEMBIKAI,SABAH,KOTA MARUDU,6.40,6.40,24.20
2015,BUAH-BUAHAN,TEMBIKAI,PAHANG,RAUB,1.60,1.60,25.10
2015,BUAH-BUAHAN,TEMBIKAI,SARAWAK,BINTULU,4.30,1.70,26.30
2015,BUAH-BUAHAN,TEMBIKAI,SABAH,KUNAK,5.90,5.90,26.60
2015,BUAH-BUAHAN,TEMBIKAI,SARAWAK,MATU,8.40,3.20,36.60
2015,BUAH-BUAHAN,TEMBIKAI,SARAWAK,LAWAS,3.40,3.10,44.10
2015,BUAH-BUAHAN,TEMBIKAI,SABAH,SOOK,4.00,4.00,48.00
2015,BUAH-BUAHAN,TEMBIKAI,SARAWAK,DALAT,4.00,3.50,55.00
2015,BUAH-BUAHAN,TEMBIKAI,KEDAH,YAN,3.00,3.00,56.00
2015,BUAH-BUAHAN,TEMBIKAI,SABAH,KUDAT,7.00,7.00,57.80
2015,BUAH-BUAHAN,TEMBIKAI,SABAH,LAHAD DATU,4.00,4.00,60.00
2015,BUAH-BUAHAN,TEMBIKAI,SARAWAK,MUKAH,13.70,4.10,61.50
2015,BUAH-BUAHAN,TEMBIKAI,SARAWAK,SONG,5.00,5.00,75.00
2015,BUAH-BUAHAN,TEMBIKAI,SARAWAK,DARO,12.30,7.70,75.20
2015,BUAH-BUAHAN,TEMBIKAI,SABAH,TUARAN,4.60,4.60,82.80
2015,BUAH-BUAHAN,TEMBIKAI,SARAWAK,BELAGA,7.00,7.00,84.00
2015,BUAH-BUAHAN,TEMBIKAI,TERENGGANU,HULU TERENGGANU,6.60,6.40,85.10
2015,BUAH-BUAHAN,TEMBIKAI,KEDAH,PADANG TERAP,10.00,10.00,98.70
2015,BUAH-BUAHAN,TEMBIKAI,KEDAH,BALING,6.20,6.20,105.60
2015,BUAH-BUAHAN,TEMBIKAI,SELANGOR,KUALA SELANGOR,15.00,12.00,111.00
2015,BUAH-BUAHAN,TEMBIKAI,SARAWAK,LUBOK ANTU,7.50,7.50,115.50
2015,BUAH-BUAHAN,TEMBIKAI,PAHANG,MARAN,7.80,7.80,121.33
2015,BUAH-BUAHAN,TEMBIKAI,SARAWAK,SERIAN,9.50,9.50,165.00
2015,BUAH-BUAHAN,TEMBIKAI,KEDAH,LANGKAWI,13.27,13.07,171.78
2015,BUAH-BUAHAN,TEMBIKAI,SARAWAK,KAPIT,17.90,14.80,177.60
2015,BUAH-BUAHAN,TEMBIKAI,KEDAH,POKOK SENA,12.00,12.00,188.00
2015,BUAH-BUAHAN,TEMBIKAI,SARAWAK,SAMARAHAN,16.30,13.30,199.50
2015,BUAH-BUAHAN,TEMBIKAI,JOHOR,MUAR,5.00,5.00,200.00
2015,BUAH-BUAHAN,TEMBIKAI,SARAWAK,MIRI,44.30,19.70,216.60
2015,BUAH-BUAHAN,TEMBIKAI,SABAH,SANDAKAN,15.00,10.00,225.00
2015,BUAH-BUAHAN,TEMBIKAI,SABAH,BEAUFORT,14.10,14.10,251.50
2015,BUAH-BUAHAN,TEMBIKAI,SARAWAK,SRI AMAN,32.40,19.90,301.60
2015,BUAH-BUAHAN,TEMBIKAI,SABAH,KOTA BELUD,26.00,26.00,319.80
2015,BUAH-BUAHAN,TEMBIKAI,NEGERI SEMBILAN,JELEBU,21.00,21.00,350.50
2015,BUAH-BUAHAN,TEMBIKAI,PERAK,KINTA,14.00,14.00,354.00
2015,BUAH-BUAHAN,TEMBIKAI,KELANTAN,PASIR MAS,31.95,29.60,399.34
2015,BUAH-BUAHAN,TEMBIKAI,TERENGGANU,DUNGUN,23.80,23.60,427.22
2015,BUAH-BUAHAN,TEMBIKAI,JOHOR,JOHOR BAHRU,13.00,12.80,513.62
2015,BUAH-BUAHAN,TEMBIKAI,KELANTAN,TANAH MERAH,32.65,32.65,531.93
2015,BUAH-BUAHAN,TEMBIKAI,KELANTAN,KUALA KRAI,26.25,23.82,554.42
2015,BUAH-BUAHAN,TEMBIKAI,KEDAH,KUALA MUDA,81.00,81.00,585.00
2015,BUAH-BUAHAN,TEMBIKAI,NEGERI SEMBILAN,SEREMBAN,53.00,53.00,598.00
2015,BUAH-BUAHAN,TEMBIKAI,NEGERI SEMBILAN,REMBAU,44.00,44.00,610.00
2015,BUAH-BUAHAN,TEMBIKAI,PAHANG,BENTONG,60.00,40.00,630.00
2015,BUAH-BUAHAN,TEMBIKAI,MELAKA,MELAKA TENGAH,44.60,44.60,739.66
2015,BUAH-BUAHAN,TEMBIKAI,SARAWAK,SARIKEI,45.00,42.00,753.00
2015,BUAH-BUAHAN,TEMBIKAI,SARAWAK,LUNDU,339.40,47.00,830.00
2015,BUAH-BUAHAN,TEMBIKAI,KELANTAN,KOTA BHARU,51.50,51.50,895.85
2015,BUAH-BUAHAN,TEMBIKAI,PERAK,PERAK TENGAH,48.00,39.20,980.00
2015,BUAH-BUAHAN,TEMBIKAI,SARAWAK,SARATOK,60.00,60.00,989.00
2015,BUAH-BUAHAN,TEMBIKAI,JOHOR,MERSING,31.80,31.80,1006.42
2015,BUAH-BUAHAN,TEMBIKAI,SARAWAK,SIMUNJAN,90.00,57.30,1038.00
2015,BUAH-BUAHAN,TEMBIKAI,SELANGOR,PETALING,40.90,40.80,1040.40
2015,BUAH-BUAHAN,TEMBIKAI,KELANTAN,GUA MUSANG,85.40,68.15,1208.57
2015,BUAH-BUAHAN,TEMBIKAI,KEDAH,BANDAR BAHARU,79.00,79.00,1222.48
2015,BUAH-BUAHAN,TEMBIKAI,KEDAH,KUBANG PASU,95.00,95.00,1228.25
2015,BUAH-BUAHAN,TEMBIKAI,PERAK,LARUT MATANG / SELAMA,87.94,87.64,1305.15
2015,BUAH-BUAHAN,TEMBIKAI,TERENGGANU,KUALA TERENGGANU,71.03,71.03,1351.25
2015,BUAH-BUAHAN,TEMBIKAI,KELANTAN,TUMPAT,77.89,77.49,1355.99
2015,BUAH-BUAHAN,TEMBIKAI,PAHANG,KUANTAN,77.80,77.80,1365.08
2015,BUAH-BUAHAN,TEMBIKAI,PERAK,MANJUNG,76.60,76.60,1379.47
2015,BUAH-BUAHAN,TEMBIKAI,MELAKA,ALOR GAJAH,120.50,120.50,1394.20
2015,BUAH-BUAHAN,TEMBIKAI,MELAKA,JASIN,73.80,69.80,1394.92
2015,BUAH-BUAHAN,TEMBIKAI,KEDAH,PENDANG,60.71,60.71,1450.50
2015,BUAH-BUAHAN,TEMBIKAI,TERENGGANU,KEMAMAN,77.20,75.20,1586.70
2015,BUAH-BUAHAN,TEMBIKAI,NEGERI SEMBILAN,PORT DICKSON,116.00,116.00,1620.70
2015,BUAH-BUAHAN,TEMBIKAI,JOHOR,SEGAMAT,482.00,280.00,1786.29
2015,BUAH-BUAHAN,TEMBIKAI,KEDAH,KULIM,142.00,126.50,2012.18
2015,BUAH-BUAHAN,TEMBIKAI,PAHANG,TEMERLOH,108.80,97.00,2067.09
2015,BUAH-BUAHAN,TEMBIKAI,KELANTAN,MACHANG,98.40,96.20,2110.84
2015,BUAH-BUAHAN,TEMBIKAI,SARAWAK,KUCHING,124.70,123.90,2116.10
2015,BUAH-BUAHAN,TEMBIKAI,SELANGOR,GOMBAK,100.00,100.00,2463.15
2015,BUAH-BUAHAN,TEMBIKAI,SARAWAK,ASAJAYA,187.00,172.90,2566.00
2015,BUAH-BUAHAN,TEMBIKAI,KELANTAN,JELI,170.37,169.02,2598.27
2015,BUAH-BUAHAN,TEMBIKAI,SABAH,PAPAR,245.00,245.00,2695.00
2015,BUAH-BUAHAN,TEMBIKAI,PERAK,HILIR PERAK,170.00,170.00,2910.00
2015,BUAH-BUAHAN,TEMBIKAI,TERENGGANU,BESUT,210.30,209.90,3619.15
2015,BUAH-BUAHAN,TEMBIKAI,TERENGGANU,MARANG,318.95,274.28,3652.83
2015,BUAH-BUAHAN,TEMBIKAI,JOHOR,KOTA TINGGI,399.20,399.20,4121.62
2015,BUAH-BUAHAN,TEMBIKAI,KELANTAN,PASIR PUTEH,209.43,209.43,4514.03
2015,BUAH-BUAHAN,TEMBIKAI,PAHANG,ROMPIN,216.20,216.20,5339.31
2015,BUAH-BUAHAN,TEMBIKAI,PAHANG,BERA,682.50,682.00,12418.11
2015,BUAH-BUAHAN,TEMBIKAI,NEGERI SEMBILAN,JEMPOL,721.00,712.00,14306.75
2015,BUAH-BUAHAN,TEMBIKAI,PERLIS,PERLIS,728.80,728.80,14332.60
2015,BUAH-BUAHAN,TEMBIKAI,TERENGGANU,SETIU,859.18,828.38,15506.57
2015,BUAH-BUAHAN,TEMBIKAI,JOHOR,KLUANG,1134.00,1134.00,20966.00
2015,BUAH-BUAHAN,TEMBIKAI,KELANTAN,BACHOK,894.48,892.78,21104.97
2016,BUAH-BUAHAN,TEMBIKAI,SARAWAK,BELURU,0.10,0.00,0.00
2016,BUAH-BUAHAN,TEMBIKAI SUSU,JOHOR,PONTIAN,0.02,0.02,0.38
2016,BUAH-BUAHAN,TEMBIKAI SUSU,KEDAH,SIK,0.10,0.10,0.40
2016,BUAH-BUAHAN,TEMBIKAI SUSU,PERAK,HULU PERAK,0.03,0.03,1.00
2016,BUAH-BUAHAN,TEMBIKAI SUSU,SELANGOR,SABAK BERNAM,0.40,0.40,2.70
2016,BUAH-BUAHAN,TEMBIKAI WANGI,JOHOR,MUAR,0.80,0.80,2.10
2016,BUAH-BUAHAN,TEMBIKAI SUSU,PERLIS,PERLIS,0.51,0.51,5.00
2016,BUAH-BUAHAN,TEMBIKAI SUSU,SELANGOR,SEPANG,0.70,0.70,6.11
2016,BUAH-BUAHAN,TEMBIKAI SUSU,PERAK,MANJUNG,0.48,0.16,9.59
2016,BUAH-BUAHAN,TEMBIKAI SUSU,PERAK,KUALA KANGSAR,0.33,0.33,9.58
2016,BUAH-BUAHAN,TEMBIKAI WANGI,SELANGOR,PETALING,1.20,1.20,8.20
2016,BUAH-BUAHAN,TEMBIKAI SUSU,JOHOR,JOHOR BAHRU,3.00,2.70,8.00
2016,BUAH-BUAHAN,TEMBIKAI SUSU,PAHANG,LIPIS,0.60,0.60,12.60
2016,BUAH-BUAHAN,TEMBIKAI SUSU,NEGERI SEMBILAN,JEMPOL,2.50,1.30,10.00
2016,BUAH-BUAHAN,TEMBIKAI SUSU,NEGERI SEMBILAN,SEREMBAN,0.93,0.82,12.16
2016,BUAH-BUAHAN,TEMBIKAI SUSU,PERAK,PERAK TENGAH,1.30,1.30,15.51
2016,BUAH-BUAHAN,TEMBIKAI SUSU,TERENGGANU,MARANG,0.80,0.80,18.00
2016,BUAH-BUAHAN,TEMBIKAI SUSU,PERAK,HILIR PERAK,1.20,1.20,18.89
2016,BUAH-BUAHAN,TEMBIKAI WANGI,KEDAH,SIK,6.86,6.86,8.84
2016,BUAH-BUAHAN,TEMBIKAI WANGI,SELANGOR,KUALA LANGAT,1.20,1.20,20.30
2016,BUAH-BUAHAN,TEMBIKAI SUSU,KELANTAN,TUMPAT,1.80,1.80,22.68
2016,BUAH-BUAHAN,TEMBIKAI SUSU,TERENGGANU,KUALA TERENGGANU,1.30,1.30,25.76
2016,BUAH-BUAHAN,TEMBIKAI SUSU,SELANGOR,HULU SELANGOR,2.40,2.38,34.63
2016,BUAH-BUAHAN,TEMBIKAI SUSU,KEDAH,PENDANG,2.50,2.50,37.51
2016,BUAH-BUAHAN,TEMBIKAI WANGI,PERAK,HULU PERAK,4.00,3.00,48.00
2016,BUAH-BUAHAN,TEMBIKAI SUSU,MELAKA,ALOR GAJAH,5.05,5.00,48.75
2016,BUAH-BUAHAN,TEMBIKAI SUSU,NEGERI SEMBILAN,KUALA PILAH,2.00,2.00,55.00
2016,BUAH-BUAHAN,TEMBIKAI SUSU,TERENGGANU,KUALA NERUS,3.00,3.00,56.56
2016,BUAH-BUAHAN,TEMBIKAI WANGI,JOHOR,KOTA TINGGI,11.00,11.00,42.86
2016,BUAH-BUAHAN,TEMBIKAI WANGI,KELANTAN,MACHANG,3.20,3.20,60.00
2016,BUAH-BUAHAN,TEMBIKAI SUSU,SELANGOR,KUALA LANGAT,4.40,4.40,62.21
2016,BUAH-BUAHAN,TEMBIKAI SUSU,PAHANG,BENTONG,3.00,3.00,75.00
2016,BUAH-BUAHAN,TEMBIKAI SUSU,KELANTAN,KOTA BHARU,4.00,4.00,73.50
2016,BUAH-BUAHAN,TEMBIKAI SUSU,KELANTAN,TANAH MERAH,3.83,3.22,81.44
2016,BUAH-BUAHAN,TEMBIKAI SUSU,JOHOR,BATU PAHAT,2.69,2.58,83.90
2016,BUAH-BUAHAN,TEMBIKAI WANGI,TERENGGANU,MARANG,4.60,4.40,87.04
2016,BUAH-BUAHAN,TEMBIKAI SUSU,SELANGOR,HULU LANGAT,4.00,3.50,105.40
2016,BUAH-BUAHAN,TEMBIKAI WANGI,MELAKA,JASIN,8.82,6.82,100.31
2016,BUAH-BUAHAN,TEMBIKAI SUSU,KELANTAN,MACHANG,5.80,5.80,105.80
2016,BUAH-BUAHAN,TEMBIKAI WANGI,KELANTAN,PASIR PUTEH,9.08,8.48,119.31
2016,BUAH-BUAHAN,TEMBIKAI SUSU,JOHOR,KOTA TINGGI,10.00,10.00,119.48
2016,BUAH-BUAHAN,TEMBIKAI SUSU,PERAK,KINTA,10.00,10.00,125.50
2016,BUAH-BUAHAN,TEMBIKAI WANGI,KEDAH,PENDANG,10.00,10.00,165.40
2016,BUAH-BUAHAN,TEMBIKAI SUSU,MELAKA,MELAKA TENGAH,17.28,17.13,223.52
2016,BUAH-BUAHAN,TEMBIKAI SUSU,SELANGOR,KUALA SELANGOR,12.84,9.66,244.36
2016,BUAH-BUAHAN,TEMBIKAI SUSU,SELANGOR,PETALING,13.42,11.74,260.63
2016,BUAH-BUAHAN,TEMBIKAI WANGI,KELANTAN,PASIR MAS,11.29,11.27,285.53
2016,BUAH-BUAHAN,TEMBIKAI SUSU,KELANTAN,PASIR MAS,15.79,15.75,284.92
2016,BUAH-BUAHAN,TEMBIKAI SUSU,TERENGGANU,DUNGUN,12.81,12.81,307.97
2016,BUAH-BUAHAN,TEMBIKAI SUSU,TERENGGANU,BESUT,16.16,14.96,487.08
2016,BUAH-BUAHAN,TEMBIKAI SUSU,JOHOR,MUAR,19.20,18.90,569.07
2016,BUAH-BUAHAN,TEMBIKAI SUSU,KEDAH,BANDAR BAHARU,40.00,36.00,545.40
2016,BUAH-BUAHAN,TEMBIKAI SUSU,MELAKA,JASIN,48.90,46.90,765.17
2016,BUAH-BUAHAN,TEMBIKAI SUSU,SELANGOR,KLANG,38.90,38.90,908.18
2016,BUAH-BUAHAN,TEMBIKAI WANGI,KELANTAN,KOTA BHARU,45.00,45.00,916.29
2016,BUAH-BUAHAN,TEMBIKAI SUSU,KELANTAN,BACHOK,46.00,46.00,977.24
2016,BUAH-BUAHAN,TEMBIKAI WANGI,KELANTAN,BACHOK,103.88,103.88,2064.23
2016,BUAH-BUAHAN,TEMBIKAI SUSU,NEGERI SEMBILAN,PORT DICKSON,98.40,98.40,2080.14
2016,BUAH-BUAHAN,TEMBIKAI,SARAWAK,TELANG USAN,0.20,0.20,2.00
2016,BUAH-BUAHAN,TEMBIKAI SUSU,JOHOR,KLUANG,150.00,150.00,3750.00
2016,BUAH-BUAHAN,TEMBIKAI SUSU,TERENGGANU,SETIU,258.24,258.24,4751.52
2016,BUAH-BUAHAN,TEMBIKAI,SARAWAK,TANJUNG MANIS,2.50,1.50,5.20
2016,BUAH-BUAHAN,TEMBIKAI,PAHANG,JERANTUT,0.40,0.40,5.55
2016,BUAH-BUAHAN,TEMBIKAI,SABAH,TENOM,0.40,0.40,7.00
2016,BUAH-BUAHAN,TEMBIKAI,SABAH,TELUPID,0.80,0.80,7.00
2016,BUAH-BUAHAN,TEMBIKAI,SARAWAK,SEBAUH,1.00,0.60,9.60
2016,BUAH-BUAHAN,TEMBIKAI,SARAWAK,TATAU,2.00,0.60,9.90
2016,BUAH-BUAHAN,TEMBIKAI,SARAWAK,BARAM,1.00,1.00,10.00
2016,BUAH-BUAHAN,TEMBIKAI,SARAWAK,PAKAN,1.00,1.00,10.00
2016,BUAH-BUAHAN,TEMBIKAI,SELANGOR,KUALA SELANGOR,3.50,0.87,10.81
2016,BUAH-BUAHAN,TEMBIKAI,PAHANG,RAUB,1.40,1.40,13.50
2016,BUAH-BUAHAN,TEMBIKAI,SARAWAK,BINTULU,3.30,0.90,14.30
2016,BUAH-BUAHAN,TEMBIKAI,SARAWAK,PUSA,3.00,1.00,14.60
2016,BUAH-BUAHAN,TEMBIKAI,SARAWAK,KANOWIT,1.00,1.00,15.00
2016,BUAH-BUAHAN,TEMBIKAI,SABAH,KUNAK,8.20,8.20,18.60
2016,BUAH-BUAHAN,TEMBIKAI,SABAH,KOTA MARUDU,3.20,3.20,20.00
2016,BUAH-BUAHAN,TEMBIKAI,SARAWAK,BETONG,1.50,1.50,22.50
2016,BUAH-BUAHAN,TEMBIKAI,KEDAH,KUBANG PASU,16.00,16.00,32.00
2016,BUAH-BUAHAN,TEMBIKAI,SARAWAK,LAWAS,3.40,2.70,33.80
2016,BUAH-BUAHAN,TEMBIKAI,SARAWAK,DALAT,5.00,2.10,34.50
2016,BUAH-BUAHAN,TEMBIKAI,SARAWAK,LUNDU,346.40,2.00,36.00
2016,BUAH-BUAHAN,TEMBIKAI,PAHANG,LIPIS,3.10,2.02,41.47
2016,BUAH-BUAHAN,TEMBIKAI,SARAWAK,DARO,10.40,4.70,45.50
2016,BUAH-BUAHAN,TEMBIKAI,SABAH,TAWAU,5.40,5.40,51.00
2016,BUAH-BUAHAN,TEMBIKAI,SARAWAK,MIRI,21.50,9.00,54.00
2016,BUAH-BUAHAN,TEMBIKAI,SARAWAK,MATU,15.80,12.50,58.90
2016,BUAH-BUAHAN,TEMBIKAI,SABAH,KUDAT,7.00,7.00,59.30
2016,BUAH-BUAHAN,TEMBIKAI,SABAH,LAHAD DATU,7.00,7.00,65.80
2016,BUAH-BUAHAN,TEMBIKAI,SARAWAK,MUKAH,17.20,5.10,68.50
2016,BUAH-BUAHAN,TEMBIKAI,SARAWAK,BUKIT MABONG,8.90,5.90,70.80
2016,BUAH-BUAHAN,TEMBIKAI,SARAWAK,SONG,5.00,5.00,75.00
2016,BUAH-BUAHAN,TEMBIKAI,SABAH,TUARAN,4.10,4.10,77.70
2016,BUAH-BUAHAN,TEMBIKAI,SABAH,SOOK,4.00,4.00,80.00
2016,BUAH-BUAHAN,TEMBIKAI,SABAH,BELURAN,5.00,5.00,80.00
2016,BUAH-BUAHAN,TEMBIKAI,KEDAH,LANGKAWI,11.63,10.33,81.30
2016,BUAH-BUAHAN,TEMBIKAI,SARAWAK,BELAGA,7.00,7.00,84.00
2016,BUAH-BUAHAN,TEMBIKAI,SARAWAK,KAPIT,9.00,7.30,87.60
2016,BUAH-BUAHAN,TEMBIKAI,TERENGGANU,HULU TERENGGANU,7.50,7.50,110.50
2016,BUAH-BUAHAN,TEMBIKAI,SARAWAK,LUBOK ANTU,7.50,7.50,115.50
2016,BUAH-BUAHAN,TEMBIKAI,PAHANG,MARAN,8.00,8.00,121.12
2016,BUAH-BUAHAN,TEMBIKAI,SABAH,SIPITANG,6.60,6.60,137.00
2016,BUAH-BUAHAN,TEMBIKAI,SABAH,KOTA BELUD,28.00,13.00,141.80
2016,BUAH-BUAHAN,TEMBIKAI,SABAH,SANDAKAN,13.00,13.00,156.00
2016,BUAH-BUAHAN,TEMBIKAI,SARAWAK,SUBIS,22.70,10.70,162.60
2016,BUAH-BUAHAN,TEMBIKAI,SARAWAK,SERIAN,11.50,10.30,173.40
2016,BUAH-BUAHAN,TEMBIKAI,TERENGGANU,KUALA TERENGGANU,7.50,7.50,183.60
2016,BUAH-BUAHAN,TEMBIKAI,SARAWAK,SAMARAHAN,15.50,15.50,232.50
2016,BUAH-BUAHAN,TEMBIKAI,TERENGGANU,DUNGUN,10.20,9.80,235.46
2016,BUAH-BUAHAN,TEMBIKAI,PAHANG,KUANTAN,41.20,28.00,277.72
2016,BUAH-BUAHAN,TEMBIKAI,JOHOR,MUAR,7.00,7.00,280.00
2016,BUAH-BUAHAN,TEMBIKAI,SARAWAK,SRI AMAN,34.40,21.90,301.90
2016,BUAH-BUAHAN,TEMBIKAI,KELANTAN,TANAH MERAH,19.79,19.79,326.89
2016,BUAH-BUAHAN,TEMBIKAI,KELANTAN,KUALA KRAI,22.93,18.00,336.45
2016,BUAH-BUAHAN,TEMBIKAI,NEGERI SEMBILAN,JELEBU,15.00,15.00,348.00
2016,BUAH-BUAHAN,TEMBIKAI,SABAH,BEAUFORT,20.00,20.00,381.50
2016,BUAH-BUAHAN,TEMBIKAI,PAHANG,BENTONG,30.00,30.00,419.00
2016,BUAH-BUAHAN,TEMBIKAI,KEDAH,POKOK SENA,23.00,16.50,461.00
2016,BUAH-BUAHAN,TEMBIKAI,MELAKA,MELAKA TENGAH,38.80,34.40,512.57
2016,BUAH-BUAHAN,TEMBIKAI,PERAK,HILIR PERAK,70.00,70.00,573.28
2016,BUAH-BUAHAN,TEMBIKAI,KELANTAN,TUMPAT,31.82,31.32,576.05
2016,BUAH-BUAHAN,TEMBIKAI,JOHOR,MERSING,25.00,18.00,584.50
2016,BUAH-BUAHAN,TEMBIKAI,KEDAH,KUALA MUDA,33.00,33.00,648.33
2016,BUAH-BUAHAN,TEMBIKAI,SARAWAK,SARIKEI,48.00,45.00,804.00
2016,BUAH-BUAHAN,TEMBIKAI,NEGERI SEMBILAN,REMBAU,45.00,45.00,877.50
2016,BUAH-BUAHAN,TEMBIKAI,PERAK,MANJUNG,38.30,38.30,910.00
2016,BUAH-BUAHAN,TEMBIKAI,KELANTAN,PASIR MAS,66.84,59.04,982.65
2016,BUAH-BUAHAN,TEMBIKAI,SARAWAK,KABONG,60.00,60.00,989.00
2016,BUAH-BUAHAN,TEMBIKAI,PERAK,PERAK TENGAH,48.00,41.20,1030.00
2016,BUAH-BUAHAN,TEMBIKAI,SARAWAK,SERIAN,100.00,57.10,1034.10
2016,BUAH-BUAHAN,TEMBIKAI,KELANTAN,GUA MUSANG,44.30,41.85,1049.50
2016,BUAH-BUAHAN,TEMBIKAI,KEDAH,PENDANG,440.70,440.70,1134.29
2016,BUAH-BUAHAN,TEMBIKAI,TERENGGANU,KUALA NERUS,67.04,67.04,1145.00
2016,BUAH-BUAHAN,TEMBIKAI,SELANGOR,GOMBAK,50.00,50.00,1214.12
2016,BUAH-BUAHAN,TEMBIKAI,TERENGGANU,KEMAMAN,71.40,71.10,1233.45
2016,BUAH-BUAHAN,TEMBIKAI,KEDAH,BALING,71.20,71.20,1246.00
2016,BUAH-BUAHAN,TEMBIKAI,PERAK,KINTA,64.00,64.00,1315.00
2016,BUAH-BUAHAN,TEMBIKAI,KELANTAN,KOTA BHARU,85.30,85.30,1478.00
2016,BUAH-BUAHAN,TEMBIKAI,MELAKA,ALOR GAJAH,105.10,105.10,1735.50
2016,BUAH-BUAHAN,TEMBIKAI,KEDAH,KULIM,142.00,130.00,2039.67
2016,BUAH-BUAHAN,TEMBIKAI,SARAWAK,ASAJAYA,163.80,139.40,2041.00
2016,BUAH-BUAHAN,TEMBIKAI,KELANTAN,MACHANG,94.70,94.50,2082.30
2016,BUAH-BUAHAN,TEMBIKAI,SARAWAK,KUCHING,124.80,123.60,2149.40
2016,BUAH-BUAHAN,TEMBIKAI,JOHOR,SEGAMAT,480.00,360.00,2159.59
2016,BUAH-BUAHAN,TEMBIKAI,PAHANG,PEKAN,128.00,128.00,2304.00
2016,BUAH-BUAHAN,TEMBIKAI,SABAH,PAPAR,244.00,244.00,2342.00
2016,BUAH-BUAHAN,TEMBIKAI,NEGERI SEMBILAN,PORT DICKSON,144.00,144.00,2694.00
2016,BUAH-BUAHAN,TEMBIKAI,KELANTAN,JELI,221.85,221.60,4054.74
2016,BUAH-BUAHAN,TEMBIKAI,TERENGGANU,BESUT,266.77,255.27,4121.66
2016,BUAH-BUAHAN,TEMBIKAI,MELAKA,JASIN,284.00,284.00,4243.63
2016,BUAH-BUAHAN,TEMBIKAI,PAHANG,ROMPIN,240.80,240.80,5191.86
2016,BUAH-BUAHAN,TEMBIKAI,KEDAH,BANDAR BAHARU,283.00,283.00,5194.58
2016,BUAH-BUAHAN,TEMBIKAI,KELANTAN,PASIR PUTEH,247.07,243.68,6809.69
2016,BUAH-BUAHAN,TEMBIKAI,PAHANG,BERA,400.00,400.00,6869.60
2016,BUAH-BUAHAN,TEMBIKAI,PAHANG,TEMERLOH,376.00,361.00,7002.76
2016,BUAH-BUAHAN,TEMBIKAI,PERLIS,PERLIS,405.13,405.13,7033.00
2016,BUAH-BUAHAN,TEMBIKAI,JOHOR,KOTA TINGGI,554.00,545.00,7926.57
2016,BUAH-BUAHAN,TEMBIKAI,TERENGGANU,MARANG,572.60,512.00,9161.95
2016,BUAH-BUAHAN,TEMBIKAI,JOHOR,KLUANG,805.00,805.00,15529.00
2016,BUAH-BUAHAN,TEMBIKAI,TERENGGANU,SETIU,1037.18,1006.18,20945.63
2016,BUAH-BUAHAN,TEMBIKAI,KELANTAN,BACHOK,1189.66,1089.11,21671.65
2016,BUAH-BUAHAN,TEMBIKAI,NEGERI SEMBILAN,JEMPOL,1080.00,1080.00,21954.00
2017,BUAH-BUAHAN,TEMBIKAI,SARAWAK,BELURU,0.10,0.00,0.00
2017,BUAH-BUAHAN,TEMBIKAI SUSU,JOHOR,MERSING,0.20,0.00,0.00
2017,BUAH-BUAHAN,TEMBIKAI,SABAH,BELURAN,1.00,0.00,0.00
2017,BUAH-BUAHAN,TEMBIKAI SUSU,PERAK,PERAK TENGAH,0.60,0.60,0.60
2017,BUAH-BUAHAN,TEMBIKAI WANGI,PERAK,HULU PERAK,0.10,0.10,2.00
2017,BUAH-BUAHAN,TEMBIKAI,SABAH,KENINGAU,2.40,0.00,0.00
2017,BUAH-BUAHAN,TEMBIKAI WANGI,SELANGOR,SABAK BERNAM,0.60,0.50,8.85
2017,BUAH-BUAHAN,TEMBIKAI SUSU,TERENGGANU,DUNGUN,0.40,0.40,13.30
2017,BUAH-BUAHAN,TEMBIKAI SUSU,SELANGOR,SEPANG,0.90,0.90,14.31
2017,BUAH-BUAHAN,TEMBIKAI SUSU,JOHOR,JOHOR BAHRU,3.90,2.60,10.50
2017,BUAH-BUAHAN,TEMBIKAI WANGI,TERENGGANU,BESUT,1.20,1.00,14.80
2017,BUAH-BUAHAN,TEMBIKAI SUSU,PERAK,KINTA,2.00,0.50,15.77
2017,BUAH-BUAHAN,TEMBIKAI SUSU,PERAK,KUALA KANGSAR,0.64,0.64,18.86
2017,BUAH-BUAHAN,TEMBIKAI WANGI,JOHOR,KOTA TINGGI,6.00,6.00,11.14
2017,BUAH-BUAHAN,TEMBIKAI SUSU,SELANGOR,GOMBAK,0.80,0.80,22.18
2017,BUAH-BUAHAN,TEMBIKAI SUSU,NEGERI SEMBILAN,JEMPOL,2.50,2.50,19.95
2017,BUAH-BUAHAN,TEMBIKAI WANGI,KEDAH,KUALA MUDA,2.00,2.00,26.00
2017,BUAH-BUAHAN,TEMBIKAI SUSU,NEGERI SEMBILAN,SEREMBAN,4.29,4.29,22.81
2017,BUAH-BUAHAN,TEMBIKAI SUSU,KELANTAN,TUMPAT,1.80,1.80,28.20
2017,BUAH-BUAHAN,TEMBIKAI WANGI,SELANGOR,SEPANG,1.00,1.00,30.00
2017,BUAH-BUAHAN,TEMBIKAI SUSU,JOHOR,SEGAMAT,40.00,0.00,0.00
2017,BUAH-BUAHAN,TEMBIKAI SUSU,PERAK,HILIR PERAK,2.20,2.20,36.11
2017,BUAH-BUAHAN,TEMBIKAI SUSU,TERENGGANU,KUALA NERUS,4.50,4.50,33.04
2017,BUAH-BUAHAN,TEMBIKAI SUSU,TERENGGANU,KUALA TERENGGANU,5.60,4.00,32.80
2017,BUAH-BUAHAN,TEMBIKAI WANGI,SELANGOR,KUALA LANGAT,1.40,1.40,41.00
2017,BUAH-BUAHAN,TEMBIKAI WANGI,KELANTAN,MACHANG,2.00,2.00,40.00
2017,BUAH-BUAHAN,TEMBIKAI WANGI,TERENGGANU,KUALA NERUS,2.00,2.00,40.00
2017,BUAH-BUAHAN,TEMBIKAI SUSU,SELANGOR,KUALA LANGAT,3.80,3.80,37.00
2017,BUAH-BUAHAN,TEMBIKAI SUSU,KELANTAN,KOTA BHARU,2.00,2.00,42.00
2017,BUAH-BUAHAN,TEMBIKAI SUSU,PERLIS,PERLIS,11.00,11.00,30.00
2017,BUAH-BUAHAN,TEMBIKAI SUSU,KELANTAN,TANAH MERAH,1.94,1.84,49.25
2017,BUAH-BUAHAN,TEMBIKAI SUSU,NEGERI SEMBILAN,KUALA PILAH,2.80,2.80,60.20
2017,BUAH-BUAHAN,TEMBIKAI SUSU,KELANTAN,MACHANG,4.40,3.40,60.60
2017,BUAH-BUAHAN,TEMBIKAI SUSU,MELAKA,ALOR GAJAH,7.50,7.50,56.10
2017,BUAH-BUAHAN,TEMBIKAI SUSU,JOHOR,BATU PAHAT,2.97,2.80,71.96
2017,BUAH-BUAHAN,TEMBIKAI SUSU,JOHOR,MUAR,6.68,3.39,71.46
2017,BUAH-BUAHAN,TEMBIKAI SUSU,PAHANG,LIPIS,5.40,5.00,74.85
2017,BUAH-BUAHAN,TEMBIKAI SUSU,SELANGOR,HULU SELANGOR,4.51,4.51,84.79
2017,BUAH-BUAHAN,TEMBIKAI SUSU,TERENGGANU,SETIU,5.90,5.90,87.35
2017,BUAH-BUAHAN,TEMBIKAI SUSU,TERENGGANU,BESUT,4.26,4.06,98.50
2017,BUAH-BUAHAN,TEMBIKAI SUSU,PERAK,MANJUNG,3.66,3.66,104.50
2017,BUAH-BUAHAN,TEMBIKAI,PAHANG,LIPIS,0.20,0.01,0.09
2017,BUAH-BUAHAN,TEMBIKAI SUSU,NEGERI SEMBILAN,REMBAU,12.74,12.70,116.44
2017,BUAH-BUAHAN,TEMBIKAI WANGI,MELAKA,JASIN,17.10,7.40,121.26
2017,BUAH-BUAHAN,TEMBIKAI WANGI,KELANTAN,PASIR MAS,6.17,6.14,139.98
2017,BUAH-BUAHAN,TEMBIKAI SUSU,SELANGOR,HULU LANGAT,5.00,5.00,150.90
2017,BUAH-BUAHAN,TEMBIKAI WANGI,TERENGGANU,MARANG,9.70,9.70,147.50
2017,BUAH-BUAHAN,TEMBIKAI SUSU,PAHANG,PEKAN,2.00,1.62,166.10
2017,BUAH-BUAHAN,TEMBIKAI WANGI,KEDAH,PENDANG,10.00,10.00,171.11
2017,BUAH-BUAHAN,TEMBIKAI SUSU,MELAKA,MELAKA TENGAH,16.26,15.72,205.93
2017,BUAH-BUAHAN,TEMBIKAI SUSU,SELANGOR,PETALING,9.26,9.19,231.84
2017,BUAH-BUAHAN,TEMBIKAI SUSU,KEDAH,PENDANG,12.00,12.00,231.14
2017,BUAH-BUAHAN,TEMBIKAI SUSU,SELANGOR,KUALA SELANGOR,15.60,9.00,234.60
2017,BUAH-BUAHAN,TEMBIKAI SUSU,KELANTAN,PASIR MAS,18.72,18.14,255.44
2017,BUAH-BUAHAN,TEMBIKAI SUSU,KELANTAN,BACHOK,11.60,11.60,287.50
2017,BUAH-BUAHAN,TEMBIKAI WANGI,KELANTAN,PASIR PUTEH,13.09,13.09,292.96
2017,BUAH-BUAHAN,TEMBIKAI SUSU,SELANGOR,KLANG,22.20,22.20,511.84
2017,BUAH-BUAHAN,TEMBIKAI SUSU,NEGERI SEMBILAN,TAMPIN,28.80,28.80,513.00
2017,BUAH-BUAHAN,TEMBIKAI WANGI,JOHOR,MERSING,40.00,40.00,600.00
2017,BUAH-BUAHAN,TEMBIKAI SUSU,KEDAH,BANDAR BAHARU,40.00,40.00,606.00
2017,BUAH-BUAHAN,TEMBIKAI SUSU,MELAKA,JASIN,41.40,34.80,733.80
2017,BUAH-BUAHAN,TEMBIKAI WANGI,KELANTAN,KOTA BHARU,49.30,49.30,955.17
2017,BUAH-BUAHAN,TEMBIKAI SUSU,NEGERI SEMBILAN,PORT DICKSON,72.80,72.80,1625.50
2017,BUAH-BUAHAN,TEMBIKAI,SARAWAK,TELANG USAN,0.20,0.20,2.00
2017,BUAH-BUAHAN,TEMBIKAI WANGI,KELANTAN,BACHOK,161.25,161.25,3229.60
2017,BUAH-BUAHAN,TEMBIKAI,PAHANG,RAUB,0.80,0.30,5.00
2017,BUAH-BUAHAN,TEMBIKAI,SARAWAK,TANJUNG MANIS,2.50,1.50,5.20
2017,BUAH-BUAHAN,TEMBIKAI,SABAH,KUALA PENYU,0.40,0.40,6.00
2017,BUAH-BUAHAN,TEMBIKAI SUSU,JOHOR,KLUANG,300.00,300.00,7400.00
2017,BUAH-BUAHAN,TEMBIKAI,PERAK,HULU PERAK,0.40,0.40,9.09
2017,BUAH-BUAHAN,TEMBIKAI,SABAH,TENOM,0.80,0.50,9.20
2017,BUAH-BUAHAN,TEMBIKAI,SARAWAK,SEBAUH,1.00,0.60,9.60
2017,BUAH-BUAHAN,TEMBIKAI,SELANGOR,KUALA SELANGOR,1.60,0.80,9.80
2017,BUAH-BUAHAN,TEMBIKAI,SARAWAK,TATAU,2.00,0.60,9.90
2017,BUAH-BUAHAN,TEMBIKAI,SARAWAK,PAKAN,1.00,1.00,10.00
2017,BUAH-BUAHAN,TEMBIKAI,SARAWAK,MARUDI,1.00,1.00,10.00
2017,BUAH-BUAHAN,TEMBIKAI,JOHOR,MUAR,6.80,0.80,13.50
2017,BUAH-BUAHAN,TEMBIKAI,SARAWAK,BINTULU,3.30,0.90,14.30
2017,BUAH-BUAHAN,TEMBIKAI,SARAWAK,PUSA,3.00,1.00,14.60
2017,BUAH-BUAHAN,TEMBIKAI,SARAWAK,KANOWIT,1.00,1.00,15.00
2017,BUAH-BUAHAN,TEMBIKAI,PERAK,KUALA KANGSAR,0.64,0.64,15.95
2017,BUAH-BUAHAN,TEMBIKAI,SABAH,KUNAK,8.00,8.00,16.80
2017,BUAH-BUAHAN,TEMBIKAI,SABAH,RANAU,2.50,2.50,19.50
2017,BUAH-BUAHAN,TEMBIKAI,SARAWAK,BETONG,1.50,1.50,22.50
2017,BUAH-BUAHAN,TEMBIKAI,KEDAH,LANGKAWI,1.66,1.35,24.81
2017,BUAH-BUAHAN,TEMBIKAI,SABAH,SOOK,4.00,4.00,25.00
2017,BUAH-BUAHAN,TEMBIKAI,SARAWAK,LAWAS,3.40,2.40,28.60
2017,BUAH-BUAHAN,TEMBIKAI,SARAWAK,SIBURAN,2.00,2.00,30.00
2017,BUAH-BUAHAN,TEMBIKAI,SARAWAK,MATU,15.80,11.30,32.50
2017,BUAH-BUAHAN,TEMBIKAI,SARAWAK,LUNDU,346.40,2.00,36.00
2017,BUAH-BUAHAN,TEMBIKAI,SABAH,KOTA MARUDU,8.80,8.80,36.40
2017,BUAH-BUAHAN,TEMBIKAI,SARAWAK,DARO,10.40,4.70,45.50
2017,BUAH-BUAHAN,TEMBIKAI,TERENGGANU,HULU TERENGGANU,4.00,2.60,47.51
2017,BUAH-BUAHAN,TEMBIKAI,SARAWAK,MIRI,21.50,9.00,54.00
2017,BUAH-BUAHAN,TEMBIKAI,SARAWAK,DALAT,5.00,3.60,55.30
2017,BUAH-BUAHAN,TEMBIKAI,SABAH,SANDAKAN,5.00,5.00,60.00
2017,BUAH-BUAHAN,TEMBIKAI,SABAH,KUDAT,8.00,6.60,61.50
2017,BUAH-BUAHAN,TEMBIKAI,SABAH,LAHAD DATU,9.00,9.00,62.90
2017,BUAH-BUAHAN,TEMBIKAI,SARAWAK,BUKIT MABONG,8.90,5.90,70.80
2017,BUAH-BUAHAN,TEMBIKAI,SARAWAK,SONG,5.00,5.00,75.00
2017,BUAH-BUAHAN,TEMBIKAI,SARAWAK,MUKAH,17.20,6.10,80.50
2017,BUAH-BUAHAN,TEMBIKAI,SARAWAK,BELAGA,7.00,7.00,84.00
2017,BUAH-BUAHAN,TEMBIKAI,SARAWAK,KAPIT,9.00,7.30,87.60
2017,BUAH-BUAHAN,TEMBIKAI,SARAWAK,LUBOK ANTU,6.50,6.50,97.50
2017,BUAH-BUAHAN,TEMBIKAI,SABAH,TUARAN,5.60,5.60,106.20
2017,BUAH-BUAHAN,TEMBIKAI,SABAH,KOTA BELUD,13.00,13.00,138.00
2017,BUAH-BUAHAN,TEMBIKAI,SARAWAK,SERIAN,9.50,8.30,143.40
2017,BUAH-BUAHAN,TEMBIKAI,KEDAH,SIK,5.80,5.80,145.00
2017,BUAH-BUAHAN,TEMBIKAI,TERENGGANU,KUALA TERENGGANU,6.60,6.60,158.35
2017,BUAH-BUAHAN,TEMBIKAI,SARAWAK,SUBIS,22.70,10.70,162.60
2017,BUAH-BUAHAN,TEMBIKAI,MELAKA,JASIN,18.90,9.20,176.48
2017,BUAH-BUAHAN,TEMBIKAI,PERAK,HILIR PERAK,50.00,50.00,200.00
2017,BUAH-BUAHAN,TEMBIKAI,NEGERI SEMBILAN,JELEBU,10.00,10.00,216.43
2017,BUAH-BUAHAN,TEMBIKAI,KEDAH,KUALA MUDA,20.00,20.00,220.00
2017,BUAH-BUAHAN,TEMBIKAI,TERENGGANU,DUNGUN,13.20,12.00,226.58
2017,BUAH-BUAHAN,TEMBIKAI,SARAWAK,SAMARAHAN,15.50,15.50,232.50
2017,BUAH-BUAHAN,TEMBIKAI,PAHANG,BENTONG,15.40,15.40,271.90
2017,BUAH-BUAHAN,TEMBIKAI,SARAWAK,SRI AMAN,34.40,21.90,301.90
2017,BUAH-BUAHAN,TEMBIKAI,NEGERI SEMBILAN,REMBAU,15.00,15.00,302.30
2017,BUAH-BUAHAN,TEMBIKAI,SABAH,BEAUFORT,16.00,16.00,308.30
2017,BUAH-BUAHAN,TEMBIKAI,KELANTAN,KUALA KRAI,23.90,18.40,313.18
2017,BUAH-BUAHAN,TEMBIKAI,NEGERI SEMBILAN,KUALA PILAH,20.00,20.00,360.00
2017,BUAH-BUAHAN,TEMBIKAI,SABAH,SIPITANG,17.80,17.80,368.90
2017,BUAH-BUAHAN,TEMBIKAI,KELANTAN,TANAH MERAH,30.30,30.30,605.33
2017,BUAH-BUAHAN,TEMBIKAI,PAHANG,KUANTAN,57.80,52.30,605.91
2017,BUAH-BUAHAN,TEMBIKAI,KEDAH,BALING,51.70,51.70,648.84
2017,BUAH-BUAHAN,TEMBIKAI,MELAKA,MELAKA TENGAH,46.60,43.50,656.72
2017,BUAH-BUAHAN,TEMBIKAI,KELANTAN,KOTA BHARU,45.30,45.30,702.30
2017,BUAH-BUAHAN,TEMBIKAI,KELANTAN,TUMPAT,41.32,40.11,790.30
2017,BUAH-BUAHAN,TEMBIKAI,PERAK,PERAK TENGAH,40.00,40.00,800.00
2017,BUAH-BUAHAN,TEMBIKAI,SARAWAK,SARIKEI,48.00,45.00,804.00
2017,BUAH-BUAHAN,TEMBIKAI,KELANTAN,PASIR MAS,67.00,64.73,816.08
2017,BUAH-BUAHAN,TEMBIKAI,PERAK,KINTA,80.00,80.00,900.00
2017,BUAH-BUAHAN,TEMBIKAI,SARAWAK,KABONG,60.00,60.00,989.00
2017,BUAH-BUAHAN,TEMBIKAI,SARAWAK,SIMUNJAN,100.00,57.10,1034.10
2017,BUAH-BUAHAN,TEMBIKAI,KELANTAN,GUA MUSANG,46.10,45.40,1044.70
2017,BUAH-BUAHAN,TEMBIKAI,NEGERI SEMBILAN,SEREMBAN,54.00,54.00,1087.00
2017,BUAH-BUAHAN,TEMBIKAI,TERENGGANU,KUALA NERUS,66.77,65.37,1092.70
2017,BUAH-BUAHAN,TEMBIKAI,JOHOR,MERSING,45.00,45.00,1125.00
2017,BUAH-BUAHAN,TEMBIKAI,PAHANG,MARAN,63.40,63.40,1248.50
2017,BUAH-BUAHAN,TEMBIKAI,KELANTAN,MACHANG,51.30,51.30,1266.40
2017,BUAH-BUAHAN,TEMBIKAI,TERENGGANU,KEMAMAN,76.80,68.90,1322.53
2017,BUAH-BUAHAN,TEMBIKAI,SABAH,TAWAU,95.70,95.70,1431.70
2017,BUAH-BUAHAN,TEMBIKAI,PERAK,MANJUNG,68.90,68.90,1584.00
2017,BUAH-BUAHAN,TEMBIKAI,PAHANG,PEKAN,194.60,163.47,1629.25
2017,BUAH-BUAHAN,TEMBIKAI,KEDAH,KUBANG PASU,115.80,115.80,1796.63
2017,BUAH-BUAHAN,TEMBIKAI,SABAH,PAPAR,197.00,197.00,1832.00
2017,BUAH-BUAHAN,TEMBIKAI,SARAWAK,ASAJAYA,162.80,139.40,2071.00
2017,BUAH-BUAHAN,TEMBIKAI,KEDAH,PENDANG,166.74,166.74,2135.63
2017,BUAH-BUAHAN,TEMBIKAI,SARAWAK,KUCHING,124.80,123.60,2149.40
2017,BUAH-BUAHAN,TEMBIKAI,JOHOR,SEGAMAT,330.00,280.00,2449.48
2017,BUAH-BUAHAN,TEMBIKAI,SELANGOR,GOMBAK,30.00,30.00,2595.79
2017,BUAH-BUAHAN,TEMBIKAI,NEGERI SEMBILAN,PORT DICKSON,149.50,149.50,2620.38
2017,BUAH-BUAHAN,TEMBIKAI,JOHOR,KOTA TINGGI,245.00,218.00,3122.50
2017,BUAH-BUAHAN,TEMBIKAI,TERENGGANU,BESUT,205.81,199.40,3137.20
2017,BUAH-BUAHAN,TEMBIKAI,KEDAH,BANDAR BAHARU,196.00,196.00,3552.86
2017,BUAH-BUAHAN,TEMBIKAI,KELANTAN,JELI,248.93,246.68,4283.75
2017,BUAH-BUAHAN,TEMBIKAI,KELANTAN,PASIR PUTEH,257.94,256.74,5979.85
2017,BUAH-BUAHAN,TEMBIKAI,PAHANG,ROMPIN,293.00,293.00,6708.87
2017,BUAH-BUAHAN,TEMBIKAI,PAHANG,BERA,400.00,400.00,6894.40
2017,BUAH-BUAHAN,TEMBIKAI,TERENGGANU,MARANG,623.23,585.92,8802.74
2017,BUAH-BUAHAN,TEMBIKAI,JOHOR,KLUANG,643.00,625.00,11809.00
2017,BUAH-BUAHAN,TEMBIKAI,TERENGGANU,SETIU,736.75,730.39,16057.73
2017,BUAH-BUAHAN,TEMBIKAI,KELANTAN,BACHOK,1009.85,932.15,18028.93
2017,BUAH-BUAHAN,TEMBIKAI,PERLIS,PERLIS,1073.00,1073.00,18402.00
2017,BUAH-BUAHAN,TEMBIKAI,PAHANG,TEMERLOH,892.10,880.13,19995.41
2018,BUAH-BUAHAN,TEMBIKAI,SARAWAK,BELURU,0.10,0.00,0.00
2018,BUAH-BUAHAN,TEMBIKAI SUSU,TERENGGANU,HULU TERENGGANU,0.10,0.10,0.19
2018,BUAH-BUAHAN,TEMBIKAI SUSU,NEGERI SEMBILAN,SEREMBAN,0.50,0.50,0.70
2018,BUAH-BUAHAN,TEMBIKAI SUSU,PERAK,PERAK TENGAH,0.40,0.40,0.97
2018,BUAH-BUAHAN,TEMBIKAI WANGI,SELANGOR,KUALA SELANGOR,0.20,0.20,2.10
2018,BUAH-BUAHAN,TEMBIKAI SUSU,JOHOR,MERSING,0.60,0.60,1.82
2018,BUAH-BUAHAN,TEMBIKAI WANGI,PAHANG,KUANTAN,0.32,0.32,3.50
2018,BUAH-BUAHAN,TEMBIKAI SUSU,KELANTAN,MACHANG,0.20,0.20,4.50
2018,BUAH-BUAHAN,TEMBIKAI SUSU,KELANTAN,PASIR PUTEH,0.20,0.20,4.83
2018,BUAH-BUAHAN,TEMBIKAI SUSU,TERENGGANU,MARANG,0.80,0.66,4.00
2018,BUAH-BUAHAN,TEMBIKAI SUSU,JOHOR,MUAR,0.70,0.58,4.62
2018,BUAH-BUAHAN,TEMBIKAI SUSU,PERAK,KUALA KANGSAR,0.28,0.28,7.30
2018,BUAH-BUAHAN,TEMBIKAI WANGI,SELANGOR,PETALING,0.40,0.40,7.30
2018,BUAH-BUAHAN,TEMBIKAI SUSU,TERENGGANU,SETIU,0.60,0.60,7.05
2018,BUAH-BUAHAN,TEMBIKAI SUSU,KEDAH,POKOK SENA,0.44,0.44,7.51
2018,BUAH-BUAHAN,TEMBIKAI SUSU,SELANGOR,GOMBAK,0.30,0.30,8.59
2018,BUAH-BUAHAN,TEMBIKAI SUSU,PAHANG,JERANTUT,0.40,0.40,8.50
2018,BUAH-BUAHAN,TEMBIKAI SUSU,KEDAH,KULIM,0.60,0.60,10.77
2018,BUAH-BUAHAN,TEMBIKAI SUSU,KELANTAN,TUMPAT,0.80,0.80,13.92
2018,BUAH-BUAHAN,TEMBIKAI,SABAH,KINABATANGAN,1.20,1.20,16.00
2018,BUAH-BUAHAN,TEMBIKAI SUSU,KEDAH,PADANG TERAP,1.00,1.00,22.50
2018,BUAH-BUAHAN,TEMBIKAI SUSU,JOHOR,JOHOR BAHRU,5.00,4.75,15.00
2018,BUAH-BUAHAN,TEMBIKAI SUSU,NEGERI SEMBILAN,KUALA PILAH,1.60,1.60,21.89
2018,BUAH-BUAHAN,TEMBIKAI SUSU,PAHANG,PEKAN,4.33,3.53,18.27
2018,BUAH-BUAHAN,TEMBIKAI WANGI,KELANTAN,GUA MUSANG,1.50,1.40,24.00
2018,BUAH-BUAHAN,TEMBIKAI SUSU,PAHANG,BENTONG,1.00,1.00,25.00
2018,BUAH-BUAHAN,TEMBIKAI WANGI,TERENGGANU,BESUT,1.20,1.20,25.00
2018,BUAH-BUAHAN,TEMBIKAI SUSU,TERENGGANU,KUALA NERUS,1.80,1.80,24.40
2018,BUAH-BUAHAN,TEMBIKAI SUSU,PERAK,HILIR PERAK,2.50,1.70,23.82
2018,BUAH-BUAHAN,TEMBIKAI SUSU,JOHOR,BATU PAHAT,1.08,1.03,31.78
2018,BUAH-BUAHAN,TEMBIKAI SUSU,KELANTAN,TANAH MERAH,2.16,2.16,33.14
2018,BUAH-BUAHAN,TEMBIKAI SUSU,SELANGOR,HULU LANGAT,1.20,1.20,41.00
2018,BUAH-BUAHAN,TEMBIKAI WANGI,KEDAH,SIK,15.43,15.43,13.63
2018,BUAH-BUAHAN,TEMBIKAI WANGI,SELANGOR,KUALA LANGAT,2.00,2.00,40.50
2018,BUAH-BUAHAN,TEMBIKAI WANGI,MELAKA,JASIN,6.30,1.80,38.80
2018,BUAH-BUAHAN,TEMBIKAI SUSU,PERAK,MANJUNG,1.62,1.62,44.00
2018,BUAH-BUAHAN,TEMBIKAI SUSU,MELAKA,ALOR GAJAH,4.10,4.10,39.45
2018,BUAH-BUAHAN,TEMBIKAI WANGI,TERENGGANU,MARANG,3.80,3.80,53.00
2018,BUAH-BUAHAN,TEMBIKAI SUSU,PAHANG,LIPIS,3.64,3.09,54.62
2018,BUAH-BUAHAN,TEMBIKAI WANGI,JOHOR,KOTA TINGGI,10.52,10.52,42.75
2018,BUAH-BUAHAN,TEMBIKAI SUSU,KEDAH,SIK,2.20,2.20,60.00
2018,BUAH-BUAHAN,TEMBIKAI SUSU,KELANTAN,KOTA BHARU,4.00,4.00,59.40
2018,BUAH-BUAHAN,TEMBIKAI SUSU,SELANGOR,PETALING,3.94,3.17,67.98
2018,BUAH-BUAHAN,TEMBIKAI SUSU,PAHANG,ROMPIN,3.50,3.40,77.44
2018,BUAH-BUAHAN,TEMBIKAI SUSU,SELANGOR,KUALA LANGAT,4.80,4.80,81.25
2018,BUAH-BUAHAN,TEMBIKAI SUSU,TERENGGANU,KUALA TERENGGANU,6.10,6.10,84.27
2018,BUAH-BUAHAN,TEMBIKAI SUSU,SELANGOR,HULU SELANGOR,4.78,4.74,100.52
2018,BUAH-BUAHAN,TEMBIKAI WANGI,KEDAH,PENDANG,5.70,5.70,99.44
2018,BUAH-BUAHAN,TEMBIKAI SUSU,TERENGGANU,DUNGUN,4.50,4.50,113.10
2018,BUAH-BUAHAN,TEMBIKAI SUSU,TERENGGANU,BESUT,5.83,5.72,119.17
2018,BUAH-BUAHAN,TEMBIKAI SUSU,MELAKA,MELAKA TENGAH,11.06,11.06,146.39
2018,BUAH-BUAHAN,TEMBIKAI SUSU,NEGERI SEMBILAN,REMBAU,10.64,10.64,152.05
2018,BUAH-BUAHAN,TEMBIKAI WANGI,KELANTAN,PASIR MAS,8.52,7.90,167.65
2018,BUAH-BUAHAN,TEMBIKAI SUSU,PAHANG,MARAN,8.80,8.80,185.00
2018,BUAH-BUAHAN,TEMBIKAI,SABAH,KUDAT,24.00,19.80,182.90
2018,BUAH-BUAHAN,TEMBIKAI SUSU,KELANTAN,PASIR MAS,14.40,12.55,239.34
2018,BUAH-BUAHAN,TEMBIKAI SUSU,JOHOR,KOTA TINGGI,10.00,5.00,259.90
2018,BUAH-BUAHAN,TEMBIKAI WANGI,KELANTAN,PASIR PUTEH,12.75,12.75,312.98
2018,BUAH-BUAHAN,TEMBIKAI SUSU,SELANGOR,KUALA SELANGOR,22.60,22.20,305.44
2018,BUAH-BUAHAN,TEMBIKAI SUSU,KELANTAN,BACHOK,13.90,13.90,323.00
2018,BUAH-BUAHAN,TEMBIKAI SUSU,SELANGOR,KLANG,23.20,23.00,522.44
2018,BUAH-BUAHAN,TEMBIKAI SUSU,MELAKA,JASIN,55.34,31.84,499.50
2018,BUAH-BUAHAN,TEMBIKAI SUSU,NEGERI SEMBILAN,TAMPIN,25.60,25.60,639.68
2018,BUAH-BUAHAN,TEMBIKAI SUSU,KEDAH,BANDAR BAHARU,40.00,40.00,633.45
2018,BUAH-BUAHAN,TEMBIKAI SUSU,KEDAH,PENDANG,47.50,47.50,781.74
2018,BUAH-BUAHAN,TEMBIKAI WANGI,KELANTAN,KOTA BHARU,52.90,52.90,1071.46
2018,BUAH-BUAHAN,TEMBIKAI SUSU,JOHOR,KLUANG,150.00,150.00,900.00
2018,BUAH-BUAHAN,TEMBIKAI,PAHANG,LIPIS,0.40,0.40,2.50
2018,BUAH-BUAHAN,TEMBIKAI SUSU,JOHOR,SEGAMAT,200.00,200.00,3250.00
2018,BUAH-BUAHAN,TEMBIKAI,SARAWAK,TANJUNG MANIS,4.00,1.50,2.90
2018,BUAH-BUAHAN,TEMBIKAI WANGI,KELANTAN,BACHOK,191.80,191.80,3943.60
2018,BUAH-BUAHAN,TEMBIKAI,PERAK,HULU PERAK,0.50,0.50,5.00
2018,BUAH-BUAHAN,TEMBIKAI,SABAH,BELURAN,1.00,1.00,5.00
2018,BUAH-BUAHAN,TEMBIKAI SUSU,NEGERI SEMBILAN,PORT DICKSON,293.00,285.00,6724.22
2018,BUAH-BUAHAN,TEMBIKAI,WP LABUAN,WP LABUAN,1.00,0.50,5.47
2018,BUAH-BUAHAN,TEMBIKAI,SARAWAK,SRI AMAN,0.80,0.40,6.00
2018,BUAH-BUAHAN,TEMBIKAI,SARAWAK,TATAU,2.00,0.40,6.90
2018,BUAH-BUAHAN,TEMBIKAI,SABAH,TELUPID,0.80,0.80,7.00
2018,BUAH-BUAHAN,TEMBIKAI,SELANGOR,KLANG,0.40,0.40,8.00
2018,BUAH-BUAHAN,TEMBIKAI,SARAWAK,SEBAUH,1.00,0.60,9.60
2018,BUAH-BUAHAN,TEMBIKAI,SARAWAK,PAKAN,1.00,1.00,10.00
2018,BUAH-BUAHAN,TEMBIKAI,SABAH,TENOM,0.90,0.90,11.54
2018,BUAH-BUAHAN,TEMBIKAI,SABAH,RANAU,1.20,1.20,11.00
2018,BUAH-BUAHAN,TEMBIKAI,PERAK,KUALA KANGSAR,0.56,0.56,13.87
2018,BUAH-BUAHAN,TEMBIKAI,SARAWAK,KANOWIT,1.00,1.00,15.00
2018,BUAH-BUAHAN,TEMBIKAI,SARAWAK,SONG,3.00,1.00,15.00
2018,BUAH-BUAHAN,TEMBIKAI,SARAWAK,BETONG,3.50,1.40,16.80
2018,BUAH-BUAHAN,TEMBIKAI,SABAH,KUNAK,8.00,8.00,16.80
2018,BUAH-BUAHAN,TEMBIKAI,SARAWAK,LAWAS,3.00,2.00,22.90
2018,BUAH-BUAHAN,TEMBIKAI,SARAWAK,BINTULU,3.30,1.50,23.30
2018,BUAH-BUAHAN,TEMBIKAI,SARAWAK,PUSA,3.20,1.70,25.90
2018,BUAH-BUAHAN,TEMBIKAI,PAHANG,BENTONG,1.50,1.50,27.00
2018,BUAH-BUAHAN,TEMBIKAI,SARAWAK,MARUDI,1.60,1.60,28.00
2018,BUAH-BUAHAN,TEMBIKAI,SABAH,KENINGAU,2.40,2.40,29.20
2018,BUAH-BUAHAN,TEMBIKAI,SARAWAK,SIBURAN,2.00,2.00,30.00
2018,BUAH-BUAHAN,TEMBIKAI,KEDAH,LANGKAWI,1.78,1.58,31.11
2018,BUAH-BUAHAN,TEMBIKAI,SELANGOR,PETALING,1.80,1.80,33.80
2018,BUAH-BUAHAN,TEMBIKAI,SARAWAK,LUNDU,346.40,2.00,36.00
2018,BUAH-BUAHAN,TEMBIKAI,SABAH,KOTA MARUDU,6.40,6.40,40.00
2018,BUAH-BUAHAN,TEMBIKAI,SARAWAK,DALAT,5.00,3.00,45.50
2018,BUAH-BUAHAN,TEMBIKAI,SARAWAK,DARO,13.40,5.70,47.20
2018,BUAH-BUAHAN,TEMBIKAI,MELAKA,JASIN,16.10,3.10,48.30
2018,BUAH-BUAHAN,TEMBIKAI,SARAWAK,MIRI,21.50,9.00,54.00
2018,BUAH-BUAHAN,TEMBIKAI,SABAH,SOOK,4.00,4.00,60.00
2018,BUAH-BUAHAN,TEMBIKAI,SARAWAK,BELAGA,5.00,4.80,62.40
2018,BUAH-BUAHAN,TEMBIKAI,SABAH,LAHAD DATU,10.00,10.00,121.60
2018,BUAH-BUAHAN,TEMBIKAI,KEDAH,SIK,5.80,5.80,69.60
2018,BUAH-BUAHAN,TEMBIKAI,SABAH,SANDAKAN,6.00,6.00,70.00
2018,BUAH-BUAHAN,TEMBIKAI,SARAWAK,BUKIT MABONG,8.90,5.90,70.80
2018,BUAH-BUAHAN,TEMBIKAI,SABAH,KUALA PENYU,6.00,4.40,74.40
2018,BUAH-BUAHAN,TEMBIKAI,SARAWAK,MUKAH,15.20,6.00,79.00
2018,BUAH-BUAHAN,TEMBIKAI,SARAWAK,KAPIT,9.00,7.30,87.60
2018,BUAH-BUAHAN,TEMBIKAI,KEDAH,KUBANG PASU,4.55,4.55,95.95
2018,BUAH-BUAHAN,TEMBIKAI,SARAWAK,LUBOK ANTU,6.50,6.50,97.50
2018,BUAH-BUAHAN,TEMBIKAI,SARAWAK,MATU,18.30,8.60,100.50
2018,BUAH-BUAHAN,TEMBIKAI,KEDAH,POKOK SENA,5.30,5.30,106.00
2018,BUAH-BUAHAN,TEMBIKAI,SARAWAK,SERIAN,11.00,8.30,115.40
2018,BUAH-BUAHAN,TEMBIKAI,TERENGGANU,HULU TERENGGANU,9.40,8.60,152.10
2018,BUAH-BUAHAN,TEMBIKAI,TERENGGANU,KUALA TERENGGANU,7.50,7.50,153.72
2018,BUAH-BUAHAN,TEMBIKAI,SARAWAK,SUBIS,22.70,10.70,162.60
2018,BUAH-BUAHAN,TEMBIKAI,SABAH,KOTA BELUD,8.60,8.60,170.40
2018,BUAH-BUAHAN,TEMBIKAI,KELANTAN,GUA MUSANG,23.40,16.30,224.90
2018,BUAH-BUAHAN,TEMBIKAI,SABAH,BEAUFORT,12.00,12.00,227.20
2018,BUAH-BUAHAN,TEMBIKAI,KELANTAN,KUALA KRAI,27.10,13.40,241.80
2018,BUAH-BUAHAN,TEMBIKAI,SARAWAK,SAMARAHAN,18.40,18.40,276.00
2018,BUAH-BUAHAN,TEMBIKAI,TERENGGANU,DUNGUN,14.00,13.80,315.96
2018,BUAH-BUAHAN,TEMBIKAI,NEGERI SEMBILAN,JELEBU,14.00,14.00,324.50
2018,BUAH-BUAHAN,TEMBIKAI,SABAH,SIPITANG,15.60,15.20,325.90
2018,BUAH-BUAHAN,TEMBIKAI,SABAH,TUARAN,15.00,15.00,328.50
2018,BUAH-BUAHAN,TEMBIKAI,JOHOR,MERSING,18.60,18.60,400.14
2018,BUAH-BUAHAN,TEMBIKAI,MELAKA,MELAKA TENGAH,31.10,30.70,407.58
2018,BUAH-BUAHAN,TEMBIKAI,PAHANG,RAUB,25.20,24.00,411.20
2018,BUAH-BUAHAN,TEMBIKAI,PERAK,HILIR PERAK,20.00,20.00,440.00
2018,BUAH-BUAHAN,TEMBIKAI,SARAWAK,SARIKEI,38.00,31.30,551.60
2018,BUAH-BUAHAN,TEMBIKAI,NEGERI SEMBILAN,JEMPOL,90.00,35.00,612.50
2018,BUAH-BUAHAN,TEMBIKAI,KELANTAN,TANAH MERAH,33.60,33.60,640.02
2018,BUAH-BUAHAN,TEMBIKAI,KEDAH,PENDANG,45.14,45.14,733.05
2018,BUAH-BUAHAN,TEMBIKAI,PAHANG,MARAN,56.40,56.40,765.30
2018,BUAH-BUAHAN,TEMBIKAI,PAHANG,KUANTAN,57.10,49.10,827.38
2018,BUAH-BUAHAN,TEMBIKAI,PERAK,PERAK TENGAH,36.00,36.00,870.00
2018,BUAH-BUAHAN,TEMBIKAI,PERAK,KINTA,60.00,60.00,945.00
2018,BUAH-BUAHAN,TEMBIKAI,SARAWAK,KABONG,60.00,60.00,989.00
2018,BUAH-BUAHAN,TEMBIKAI,SARAWAK,SIMUNJAN,100.00,56.80,1031.30
2018,BUAH-BUAHAN,TEMBIKAI,KELANTAN,PASIR MAS,66.61,64.30,1038.45
2018,BUAH-BUAHAN,TEMBIKAI,KELANTAN,TUMPAT,59.14,57.24,1053.58
2018,BUAH-BUAHAN,TEMBIKAI,PAHANG,PEKAN,248.00,155.25,1145.00
2018,BUAH-BUAHAN,TEMBIKAI,TERENGGANU,KUALA NERUS,61.03,60.93,1172.45
2018,BUAH-BUAHAN,TEMBIKAI,SABAH,TAWAU,96.10,89.10,1233.90
2018,BUAH-BUAHAN,TEMBIKAI,TERENGGANU,KEMAMAN,81.20,79.00,1264.22
2018,BUAH-BUAHAN,TEMBIKAI,SABAH,PAPAR,180.00,180.00,1380.00
2018,BUAH-BUAHAN,TEMBIKAI,PERAK,MANJUNG,90.90,90.90,1395.40
2018,BUAH-BUAHAN,TEMBIKAI,NEGERI SEMBILAN,SEREMBAN,120.00,120.00,1500.00
2018,BUAH-BUAHAN,TEMBIKAI,SARAWAK,ASAJAYA,134.30,109.00,1615.50
2018,BUAH-BUAHAN,TEMBIKAI,KELANTAN,MACHANG,86.71,82.27,1700.78
2018,BUAH-BUAHAN,TEMBIKAI,KEDAH,KULIM,125.00,111.00,1816.82
2018,BUAH-BUAHAN,TEMBIKAI,SARAWAK,KUCHING,124.60,123.30,2157.80
2018,BUAH-BUAHAN,TEMBIKAI,KEDAH,PADANG TERAP,342.00,342.00,2246.00
2018,BUAH-BUAHAN,TEMBIKAI,KEDAH,BANDAR BAHARU,146.00,146.00,2465.74
2018,BUAH-BUAHAN,TEMBIKAI,SELANGOR,GOMBAK,120.00,120.00,2500.00
2018,BUAH-BUAHAN,TEMBIKAI,NEGERI SEMBILAN,PORT DICKSON,154.10,132.10,2585.40
2018,BUAH-BUAHAN,TEMBIKAI,TERENGGANU,BESUT,169.72,166.02,2901.45
2018,BUAH-BUAHAN,TEMBIKAI,KELANTAN,KOTA BHARU,178.30,178.30,3335.45
2018,BUAH-BUAHAN,TEMBIKAI,KELANTAN,JELI,262.30,261.06,4559.84
2018,BUAH-BUAHAN,TEMBIKAI,JOHOR,SEGAMAT,154.00,154.00,5047.57
2018,BUAH-BUAHAN,TEMBIKAI,PAHANG,ROMPIN,430.40,310.40,5276.86
2018,BUAH-BUAHAN,TEMBIKAI,TERENGGANU,MARANG,344.20,338.50,5960.59
2018,BUAH-BUAHAN,TEMBIKAI,JOHOR,KOTA TINGGI,785.00,785.00,6354.20
2018,BUAH-BUAHAN,TEMBIKAI,JOHOR,KLUANG,353.70,336.00,6652.20
2018,BUAH-BUAHAN,TEMBIKAI,PAHANG,TEMERLOH,760.00,728.00,8727.00
2018,BUAH-BUAHAN,TEMBIKAI,KELANTAN,PASIR PUTEH,593.40,593.40,8884.41
2018,BUAH-BUAHAN,TEMBIKAI,TERENGGANU,SETIU,658.75,652.95,11790.58
2018,BUAH-BUAHAN,TEMBIKAI,PERLIS,PERLIS,813.04,813.04,16116.79
2018,BUAH-BUAHAN,TEMBIKAI,KELANTAN,BACHOK,1258.16,1173.10,21754.72
2019,BUAH-BUAHAN,TEMBIKAI,SARAWAK,BELURU,0.10,0.00,0.00
2019,BUAH-BUAHAN,TEMBIKAI SUSU,PULAU PINANG,BARAT DAYA,0.32,0.32,0.26
2019,BUAH-BUAHAN,TEMBIKAI SUSU,KEDAH,PENDANG,0.28,0.28,1.13
2019,BUAH-BUAHAN,TEMBIKAI SUSU,TERENGGANU,HULU TERENGGANU,0.10,0.10,1.50
2019,BUAH-BUAHAN,TEMBIKAI,SABAH,SOOK,2.00,0.00,0.00
2019,BUAH-BUAHAN,TEMBIKAI SUSU,KEDAH,KULIM,0.10,0.10,2.25
2019,BUAH-BUAHAN,TEMBIKAI SUSU,JOHOR,MUAR,0.57,0.47,2.30
2019,BUAH-BUAHAN,TEMBIKAI SUSU,KEDAH,POKOK SENA,0.65,0.30,3.96
2019,BUAH-BUAHAN,TEMBIKAI SUSU,MELAKA,ALOR GAJAH,0.80,0.80,3.82
2019,BUAH-BUAHAN,TEMBIKAI SUSU,SELANGOR,SABAK BERNAM,1.00,1.00,3.44
2019,BUAH-BUAHAN,TEMBIKAI SUSU,PERAK,KUALA KANGSAR,0.42,0.42,5.80
2019,BUAH-BUAHAN,TEMBIKAI SUSU,TERENGGANU,BESUT,0.45,0.25,8.36
2019,BUAH-BUAHAN,TEMBIKAI WANGI,KELANTAN,MACHANG,1.00,1.00,8.00
2019,BUAH-BUAHAN,TEMBIKAI SUSU,PULAU PINANG,SEBERANG PERAI UTARA,0.80,0.80,9.13
2019,BUAH-BUAHAN,TEMBIKAI SUSU,PERAK,KINTA,0.44,0.44,10.30
2019,BUAH-BUAHAN,TEMBIKAI SUSU,PAHANG,JERANTUT,0.50,0.50,11.50
2019,BUAH-BUAHAN,TEMBIKAI SUSU,TERENGGANU,MARANG,0.40,0.40,12.00
2019,BUAH-BUAHAN,TEMBIKAI WANGI,SELANGOR,KUALA LANGAT,0.80,0.80,12.00
2019,BUAH-BUAHAN,TEMBIKAI SUSU,PAHANG,PEKAN,1.30,1.30,11.05
2019,BUAH-BUAHAN,TEMBIKAI SUSU,TERENGGANU,KUALA NERUS,1.20,1.20,12.80
2019,BUAH-BUAHAN,TEMBIKAI SUSU,KELANTAN,TUMPAT,0.80,0.80,14.40
2019,BUAH-BUAHAN,TEMBIKAI SUSU,TERENGGANU,SETIU,3.20,3.20,12.89
2019,BUAH-BUAHAN,TEMBIKAI SUSU,JOHOR,MERSING,0.80,0.80,18.00
2019,BUAH-BUAHAN,TEMBIKAI SUSU,KELANTAN,TANAH MERAH,1.73,1.08,20.73
2019,BUAH-BUAHAN,TEMBIKAI WANGI,SELANGOR,GOMBAK,0.80,0.80,22.14
2019,BUAH-BUAHAN,TEMBIKAI WANGI,JOHOR,KOTA TINGGI,0.80,0.80,22.53
2019,BUAH-BUAHAN,TEMBIKAI WANGI,PERAK,HILIR PERAK,1.25,1.25,25.00
2019,BUAH-BUAHAN,TEMBIKAI SUSU,SELANGOR,PETALING,1.07,0.92,26.11
2019,BUAH-BUAHAN,TEMBIKAI SUSU,NEGERI SEMBILAN,KUALA PILAH,1.60,1.60,25.28
2019,BUAH-BUAHAN,TEMBIKAI SUSU,KELANTAN,MACHANG,1.80,1.80,25.50
2019,BUAH-BUAHAN,TEMBIKAI,JOHOR,JOHOR BAHRU,30.00,0.00,0.00
2019,BUAH-BUAHAN,TEMBIKAI SUSU,SELANGOR,GOMBAK,0.95,0.95,29.33
2019,BUAH-BUAHAN,TEMBIKAI SUSU,KEDAH,KUBANG PASU,1.50,1.50,30.00
2019,BUAH-BUAHAN,TEMBIKAI WANGI,TERENGGANU,MARANG,1.40,1.40,30.70
2019,BUAH-BUAHAN,TEMBIKAI SUSU,PAHANG,LIPIS,1.50,1.50,31.37
2019,BUAH-BUAHAN,TEMBIKAI SUSU,JOHOR,KOTA TINGGI,2.50,2.50,32.30
2019,BUAH-BUAHAN,TEMBIKAI SUSU,TERENGGANU,DUNGUN,1.80,1.80,39.95
2019,BUAH-BUAHAN,TEMBIKAI SUSU,SELANGOR,HULU LANGAT,1.20,1.20,46.50
2019,BUAH-BUAHAN,TEMBIKAI SUSU,JOHOR,JOHOR BAHRU,34.00,3.80,12.00
2019,BUAH-BUAHAN,TEMBIKAI SUSU,SELANGOR,SEPANG,3.40,3.40,44.50
2019,BUAH-BUAHAN,TEMBIKAI SUSU,PERAK,HILIR PERAK,4.60,4.60,45.24
2019,BUAH-BUAHAN,TEMBIKAI SUSU,PAHANG,ROMPIN,2.20,2.20,54.40
2019,BUAH-BUAHAN,TEMBIKAI SUSU,PERLIS,PERLIS,8.86,8.86,42.20
2019,BUAH-BUAHAN,TEMBIKAI SUSU,JOHOR,BATU PAHAT,0.85,0.80,59.44
2019,BUAH-BUAHAN,TEMBIKAI WANGI,KEDAH,SIK,12.10,12.10,40.47
2019,BUAH-BUAHAN,TEMBIKAI SUSU,TERENGGANU,KUALA TERENGGANU,6.80,6.80,66.41
2019,BUAH-BUAHAN,TEMBIKAI WANGI,KEDAH,PENDANG,5.70,5.70,69.77
2019,BUAH-BUAHAN,TEMBIKAI SUSU,PERAK,MANJUNG,2.82,2.82,78.55
2019,BUAH-BUAHAN,TEMBIKAI SUSU,SELANGOR,HULU SELANGOR,4.29,4.18,83.85
2019,BUAH-BUAHAN,TEMBIKAI SUSU,MELAKA,MELAKA TENGAH,8.63,8.59,99.37
2019,BUAH-BUAHAN,TEMBIKAI SUSU,KELANTAN,KOTA BHARU,6.00,6.00,126.00
2019,BUAH-BUAHAN,TEMBIKAI,SARAWAK,TANJUNG MANIS,0.20,0.20,0.10
2019,BUAH-BUAHAN,TEMBIKAI SUSU,SELANGOR,KUALA LANGAT,7.40,7.40,141.00
2019,BUAH-BUAHAN,TEMBIKAI WANGI,KELANTAN,PASIR MAS,7.55,7.03,156.74
2019,BUAH-BUAHAN,TEMBIKAI SUSU,KELANTAN,PASIR MAS,9.96,9.22,184.05
2019,BUAH-BUAHAN,TEMBIKAI SUSU,SELANGOR,KUALA SELANGOR,12.40,11.60,182.65
2019,BUAH-BUAHAN,TEMBIKAI WANGI,KELANTAN,TANAH MERAH,12.10,12.10,226.88
2019,BUAH-BUAHAN,TEMBIKAI SUSU,KELANTAN,PASIR PUTEH,10.20,10.20,241.20
2019,BUAH-BUAHAN,TEMBIKAI WANGI,KELANTAN,PASIR PUTEH,11.80,11.80,243.78
2019,BUAH-BUAHAN,TEMBIKAI SUSU,SELANGOR,KLANG,13.90,13.70,304.74
2019,BUAH-BUAHAN,TEMBIKAI SUSU,KELANTAN,BACHOK,14.89,14.89,324.25
2019,BUAH-BUAHAN,TEMBIKAI SUSU,MELAKA,JASIN,28.75,18.70,362.17
2019,BUAH-BUAHAN,TEMBIKAI SUSU,NEGERI SEMBILAN,TAMPIN,24.80,24.80,534.18
2019,BUAH-BUAHAN,TEMBIKAI SUSU,JOHOR,SEGAMAT,41.70,41.70,604.65
2019,BUAH-BUAHAN,TEMBIKAI SUSU,KEDAH,BANDAR BAHARU,60.00,60.00,606.00
2019,BUAH-BUAHAN,TEMBIKAI WANGI,KELANTAN,KOTA BHARU,38.20,38.20,756.44
2019,BUAH-BUAHAN,TEMBIKAI SUSU,NEGERI SEMBILAN,JEMPOL,57.00,57.00,1150.26
2019,BUAH-BUAHAN,TEMBIKAI SUSU,JOHOR,KLUANG,80.00,80.00,1299.26
2019,BUAH-BUAHAN,TEMBIKAI SUSU,NEGERI SEMBILAN,PORT DICKSON,106.00,92.50,2070.75
2019,BUAH-BUAHAN,TEMBIKAI,PAHANG,JERANTUT,0.10,0.10,2.00
2019,BUAH-BUAHAN,TEMBIKAI WANGI,KELANTAN,BACHOK,259.70,259.70,5364.94
2019,BUAH-BUAHAN,TEMBIKAI,SARAWAK,TATAU,1.00,0.40,5.40
2019,BUAH-BUAHAN,TEMBIKAI,SARAWAK,PANTU,0.80,0.40,6.00
2019,BUAH-BUAHAN,TEMBIKAI,SABAH,TENOM,1.00,1.00,7.30
2019,BUAH-BUAHAN,TEMBIKAI,PERAK,HULU PERAK,0.50,0.50,8.00
2019,BUAH-BUAHAN,TEMBIKAI,SELANGOR,KLANG,0.40,0.40,8.20
2019,BUAH-BUAHAN,TEMBIKAI,SABAH,TELUPID,1.40,1.40,8.50
2019,BUAH-BUAHAN,TEMBIKAI,WP LABUAN,WP LABUAN,0.66,0.65,9.59
2019,BUAH-BUAHAN,TEMBIKAI,SARAWAK,SEBAUH,1.00,0.60,9.60
2019,BUAH-BUAHAN,TEMBIKAI,SARAWAK,PAKAN,1.00,1.00,10.00
2019,BUAH-BUAHAN,TEMBIKAI,SABAH,RANAU,0.80,0.80,11.00
2019,BUAH-BUAHAN,TEMBIKAI,SARAWAK,SONG,3.00,1.00,15.00
2019,BUAH-BUAHAN,TEMBIKAI,SARAWAK,DALAT,5.00,2.50,15.00
2019,BUAH-BUAHAN,TEMBIKAI,SABAH,PUTATAN,2.40,2.40,19.20
2019,BUAH-BUAHAN,TEMBIKAI,SARAWAK,KANOWIT,2.00,2.00,20.00
2019,BUAH-BUAHAN,TEMBIKAI,SARAWAK,BINTULU,3.30,1.50,20.70
2019,BUAH-BUAHAN,TEMBIKAI,SABAH,KINABATANGAN,1.70,1.70,20.80
2019,BUAH-BUAHAN,TEMBIKAI,SARAWAK,LAWAS,3.00,1.80,20.80
2019,BUAH-BUAHAN,TEMBIKAI,PERAK,LARUT MATANG / SELAMA,2.40,2.00,24.00
2019,BUAH-BUAHAN,TEMBIKAI,PAHANG,LIPIS,1.90,1.70,24.89
2019,BUAH-BUAHAN,TEMBIKAI,SARAWAK,PUSA,3.20,1.70,25.20
2019,BUAH-BUAHAN,TEMBIKAI,SABAH,KOTA MARUDU,3.20,3.20,28.50
2019,BUAH-BUAHAN,TEMBIKAI,SARAWAK,MARUDI,1.60,1.60,28.80
2019,BUAH-BUAHAN,TEMBIKAI,SARAWAK,SIBURAN,2.00,2.00,30.00
2019,BUAH-BUAHAN,TEMBIKAI,PAHANG,BENTONG,2.00,2.00,34.00
2019,BUAH-BUAHAN,TEMBIKAI,SARAWAK,DARO,5.80,4.80,34.20
2019,BUAH-BUAHAN,TEMBIKAI,SELANGOR,PETALING,1.80,1.80,43.30
2019,BUAH-BUAHAN,TEMBIKAI,SARAWAK,BETONG,3.00,3.00,54.00
2019,BUAH-BUAHAN,TEMBIKAI,SARAWAK,MIRI,21.50,9.00,54.00
2019,BUAH-BUAHAN,TEMBIKAI,SARAWAK,MATU,17.30,5.50,58.40
2019,BUAH-BUAHAN,TEMBIKAI,SARAWAK,BELAGA,5.00,4.80,62.40
2019,BUAH-BUAHAN,TEMBIKAI,SABAH,LAHAD DATU,5.00,5.00,70.00
2019,BUAH-BUAHAN,TEMBIKAI,SARAWAK,BUKIT MABONG,8.90,5.90,70.80
2019,BUAH-BUAHAN,TEMBIKAI,KEDAH,BALING,5.00,3.00,71.30
2019,BUAH-BUAHAN,TEMBIKAI,KEDAH,LANGKAWI,8.70,8.15,77.14
2019,BUAH-BUAHAN,TEMBIKAI,SARAWAK,KAPIT,9.00,7.10,84.50
2019,BUAH-BUAHAN,TEMBIKAI,SABAH,KOTA BELUD,4.50,4.50,85.50
2019,BUAH-BUAHAN,TEMBIKAI,SABAH,KUALA PENYU,7.20,7.20,87.40
2019,BUAH-BUAHAN,TEMBIKAI,PERAK,KUALA KANGSAR,5.20,3.70,88.28
2019,BUAH-BUAHAN,TEMBIKAI,SARAWAK,MUKAH,14.20,5.00,97.00
2019,BUAH-BUAHAN,TEMBIKAI,SARAWAK,LUBOK ANTU,6.50,6.50,97.50
2019,BUAH-BUAHAN,TEMBIKAI,SABAH,KUNAK,8.00,8.00,109.00
2019,BUAH-BUAHAN,TEMBIKAI,SABAH,SANDAKAN,12.00,12.00,115.00
2019,BUAH-BUAHAN,TEMBIKAI,SARAWAK,SERIAN,11.00,8.30,115.40
2019,BUAH-BUAHAN,TEMBIKAI,KEDAH,POKOK SENA,10.60,7.30,146.00
2019,BUAH-BUAHAN,TEMBIKAI,TERENGGANU,KUALA TERENGGANU,7.80,7.80,149.41
2019,BUAH-BUAHAN,TEMBIKAI,TERENGGANU,HULU TERENGGANU,8.00,7.55,150.22
2019,BUAH-BUAHAN,TEMBIKAI,NEGERI SEMBILAN,REMBAU,8.00,8.00,156.21
2019,BUAH-BUAHAN,TEMBIKAI,KEDAH,PENDANG,10.30,10.30,161.25
2019,BUAH-BUAHAN,TEMBIKAI,SARAWAK,SUBIS,22.70,10.70,162.60
2019,BUAH-BUAHAN,TEMBIKAI,SABAH,KENINGAU,9.40,9.40,175.50
2019,BUAH-BUAHAN,TEMBIKAI,NEGERI SEMBILAN,JELEBU,8.20,8.20,186.25
2019,BUAH-BUAHAN,TEMBIKAI,SABAH,TUARAN,13.50,13.50,215.70
2019,BUAH-BUAHAN,TEMBIKAI,MELAKA,JASIN,24.60,17.70,237.88
2019,BUAH-BUAHAN,TEMBIKAI,SELANGOR,GOMBAK,8.60,8.60,244.53
2019,BUAH-BUAHAN,TEMBIKAI,SABAH,KUDAT,38.00,38.00,256.00
2019,BUAH-BUAHAN,TEMBIKAI,SABAH,SIPITANG,13.50,13.50,257.60
2019,BUAH-BUAHAN,TEMBIKAI,SARAWAK,SAMARAHAN,18.60,18.60,279.00
2019,BUAH-BUAHAN,TEMBIKAI,SABAH,BEAUFORT,24.00,24.00,331.00
2019,BUAH-BUAHAN,TEMBIKAI,TERENGGANU,DUNGUN,23.30,23.30,394.83
2019,BUAH-BUAHAN,TEMBIKAI,KELANTAN,KUALA KRAI,49.10,28.00,400.40
2019,BUAH-BUAHAN,TEMBIKAI,PAHANG,MARAN,26.40,26.40,403.15
2019,BUAH-BUAHAN,TEMBIKAI,MELAKA,MELAKA TENGAH,27.50,27.00,424.95
2019,BUAH-BUAHAN,TEMBIKAI,PERAK,HILIR PERAK,30.00,30.00,445.00
2019,BUAH-BUAHAN,TEMBIKAI,KELANTAN,TANAH MERAH,36.00,19.80,519.54
2019,BUAH-BUAHAN,TEMBIKAI,PERAK,MANJUNG,30.30,30.30,545.40
2019,BUAH-BUAHAN,TEMBIKAI,SARAWAK,SARIKEI,38.00,31.30,551.60
2019,BUAH-BUAHAN,TEMBIKAI,KEDAH,SIK,40.70,40.70,776.00
2019,BUAH-BUAHAN,TEMBIKAI,TERENGGANU,KEMAMAN,36.80,35.70,793.64
2019,BUAH-BUAHAN,TEMBIKAI,PAHANG,KUANTAN,95.50,54.50,819.73
2019,BUAH-BUAHAN,TEMBIKAI,KELANTAN,GUA MUSANG,68.10,63.90,859.50
2019,BUAH-BUAHAN,TEMBIKAI,KELANTAN,PASIR MAS,51.84,46.77,873.29
2019,BUAH-BUAHAN,TEMBIKAI,JOHOR,MERSING,18.48,18.48,953.50
2019,BUAH-BUAHAN,TEMBIKAI,SARAWAK,KABONG,60.00,60.00,989.00
2019,BUAH-BUAHAN,TEMBIKAI,SARAWAK,SIMUNJAN,99.20,55.80,1016.30
2019,BUAH-BUAHAN,TEMBIKAI,PERAK,BATANG PADANG,55.00,55.00,1033.75
2019,BUAH-BUAHAN,TEMBIKAI,PERAK,PERAK TENGAH,54.00,54.00,1044.00
2019,BUAH-BUAHAN,TEMBIKAI,KEDAH,KULIM,85.00,75.00,1097.06
2019,BUAH-BUAHAN,TEMBIKAI,KEDAH,PADANG TERAP,59.28,59.28,1136.21
2019,BUAH-BUAHAN,TEMBIKAI,TERENGGANU,KUALA NERUS,61.65,61.65,1155.70
2019,BUAH-BUAHAN,TEMBIKAI,KELANTAN,TUMPAT,63.82,62.72,1180.19
2019,BUAH-BUAHAN,TEMBIKAI,MELAKA,ALOR GAJAH,100.00,100.00,1245.00
2019,BUAH-BUAHAN,TEMBIKAI,SABAH,TAWAU,98.20,95.10,1403.20
2019,BUAH-BUAHAN,TEMBIKAI,NEGERI SEMBILAN,KUALA PILAH,84.00,84.00,1503.50
2019,BUAH-BUAHAN,TEMBIKAI,SABAH,PAPAR,170.00,170.00,1560.00
2019,BUAH-BUAHAN,TEMBIKAI,SARAWAK,ASAJAYA,137.30,111.40,1718.80
2019,BUAH-BUAHAN,TEMBIKAI,SARAWAK,LUNDU,335.90,105.40,1848.00
2019,BUAH-BUAHAN,TEMBIKAI,PERLIS,PERLIS,115.89,115.89,2089.25
2019,BUAH-BUAHAN,TEMBIKAI,SARAWAK,KUCHING,124.60,123.20,2180.20
2019,BUAH-BUAHAN,TEMBIKAI,TERENGGANU,BESUT,129.39,129.39,2398.42
2019,BUAH-BUAHAN,TEMBIKAI,PAHANG,PEKAN,211.15,211.15,2614.97
2019,BUAH-BUAHAN,TEMBIKAI,JOHOR,SEGAMAT,150.00,150.00,2887.79
2019,BUAH-BUAHAN,TEMBIKAI,KELANTAN,MACHANG,137.25,137.20,2939.40
2019,BUAH-BUAHAN,TEMBIKAI,KELANTAN,KOTA BHARU,157.30,153.80,2991.75
2019,BUAH-BUAHAN,TEMBIKAI,KELANTAN,JELI,148.81,146.23,3003.06
2019,BUAH-BUAHAN,TEMBIKAI,PAHANG,BERA,208.00,208.00,3144.00
2019,BUAH-BUAHAN,TEMBIKAI,KEDAH,KUBANG PASU,145.25,145.25,3583.64
2019,BUAH-BUAHAN,TEMBIKAI,NEGERI SEMBILAN,PORT DICKSON,210.00,196.00,3624.50
2019,BUAH-BUAHAN,TEMBIKAI,JOHOR,KOTA TINGGI,441.00,398.50,3734.25
2019,BUAH-BUAHAN,TEMBIKAI,KEDAH,BANDAR BAHARU,261.00,261.00,4112.11
2019,BUAH-BUAHAN,TEMBIKAI,TERENGGANU,SETIU,389.22,384.00,6131.70
2019,BUAH-BUAHAN,TEMBIKAI,PAHANG,TEMERLOH,320.40,318.39,6797.64
2019,BUAH-BUAHAN,TEMBIKAI,JOHOR,KLUANG,410.00,410.00,7380.00
2019,BUAH-BUAHAN,TEMBIKAI,NEGERI SEMBILAN,JEMPOL,468.00,468.00,7885.80
2019,BUAH-BUAHAN,TEMBIKAI,KELANTAN,PASIR PUTEH,362.17,360.56,8026.22
2019,BUAH-BUAHAN,TEMBIKAI,PAHANG,ROMPIN,571.00,571.00,8371.76
2019,BUAH-BUAHAN,TEMBIKAI,TERENGGANU,MARANG,422.80,418.40,8572.42
2019,BUAH-BUAHAN,TEMBIKAI,KELANTAN,BACHOK,1039.80,1019.50,19989.94
2020,BUAH-BUAHAN,TEMBIKAI,SARAWAK,BELURU,0.60,0.00,0.00
2020,BUAH-BUAHAN,TEMBIKAI WANGI,KEDAH,LANGKAWI,0.10,0.07,0.79
2020,BUAH-BUAHAN,TEMBIKAI SUSU,PULAU PINANG,BARAT DAYA,0.40,0.40,0.30
2020,BUAH-BUAHAN,TEMBIKAI SUSU,PERAK,KUALA KANGSAR,0.25,0.05,1.50
2020,BUAH-BUAHAN,TEMBIKAI SUSU,KEDAH,POKOK SENA,0.35,0.30,1.50
2020,BUAH-BUAHAN,TEMBIKAI SUSU,JOHOR,MUAR,0.50,0.15,3.85
2020,BUAH-BUAHAN,TEMBIKAI SUSU,PAHANG,BENTONG,0.20,0.20,4.26
2020,BUAH-BUAHAN,TEMBIKAI,SABAH,BELURAN,5.00,0.00,0.00
2020,BUAH-BUAHAN,TEMBIKAI SUSU,PERAK,HULU PERAK,0.40,0.40,7.60
2020,BUAH-BUAHAN,TEMBIKAI SUSU,TERENGGANU,KEMAMAN,0.80,0.80,7.25
2020,BUAH-BUAHAN,TEMBIKAI SUSU,SELANGOR,SABAK BERNAM,0.80,0.80,7.67
2020,BUAH-BUAHAN,TEMBIKAI,SARAWAK,MIRI,11.50,0.00,0.00
2020,BUAH-BUAHAN,TEMBIKAI SUSU,KEDAH,KULIM,0.60,0.60,11.23
2020,BUAH-BUAHAN,TEMBIKAI SUSU,PULAU PINANG,SEBERANG PERAI UTARA,1.20,1.20,13.63
2020,BUAH-BUAHAN,TEMBIKAI SUSU,KELANTAN,TUMPAT,0.80,0.80,14.45
2020,BUAH-BUAHAN,TEMBIKAI SUSU,NEGERI SEMBILAN,KUALA PILAH,0.80,0.80,18.06
2020,BUAH-BUAHAN,TEMBIKAI WANGI,KEDAH,SIK,2.90,2.60,16.16
2020,BUAH-BUAHAN,TEMBIKAI SUSU,SELANGOR,PETALING,1.39,0.99,19.37
2020,BUAH-BUAHAN,TEMBIKAI SUSU,NEGERI SEMBILAN,TAMPIN,0.80,0.80,20.40
2020,BUAH-BUAHAN,TEMBIKAI WANGI,SELANGOR,GOMBAK,0.80,0.80,21.00
2020,BUAH-BUAHAN,TEMBIKAI WANGI,KELANTAN,GUA MUSANG,2.40,2.40,20.00
2020,BUAH-BUAHAN,TEMBIKAI SUSU,KEDAH,PADANG TERAP,1.00,1.00,23.57
2020,BUAH-BUAHAN,TEMBIKAI SUSU,KELANTAN,MACHANG,1.00,0.80,24.00
2020,BUAH-BUAHAN,TEMBIKAI SUSU,TERENGGANU,MARANG,2.60,2.60,21.96
2020,BUAH-BUAHAN,TEMBIKAI SUSU,PERAK,HILIR PERAK,1.60,1.60,25.26
2020,BUAH-BUAHAN,TEMBIKAI SUSU,JOHOR,KOTA TINGGI,2.00,2.00,27.40
2020,BUAH-BUAHAN,TEMBIKAI WANGI,JOHOR,KOTA TINGGI,3.85,3.85,25.32
2020,BUAH-BUAHAN,TEMBIKAI SUSU,KEDAH,KUBANG PASU,2.15,2.15,43.90
2020,BUAH-BUAHAN,TEMBIKAI SUSU,PAHANG,LIPIS,2.00,1.70,45.13
2020,BUAH-BUAHAN,TEMBIKAI SUSU,TERENGGANU,KUALA NERUS,5.10,5.10,51.92
2020,BUAH-BUAHAN,TEMBIKAI SUSU,SELANGOR,KUALA SELANGOR,8.40,8.20,45.68
2020,BUAH-BUAHAN,TEMBIKAI SUSU,PERLIS,PERLIS,5.24,5.24,56.00
2020,BUAH-BUAHAN,TEMBIKAI SUSU,MELAKA,ALOR GAJAH,16.20,8.20,45.22
2020,BUAH-BUAHAN,TEMBIKAI SUSU,PERAK,KINTA,2.50,2.50,68.04
2020,BUAH-BUAHAN,TEMBIKAI SUSU,TERENGGANU,DUNGUN,3.50,3.10,70.63
2020,BUAH-BUAHAN,TEMBIKAI SUSU,SELANGOR,HULU SELANGOR,3.63,3.11,72.08
2020,BUAH-BUAHAN,TEMBIKAI WANGI,KELANTAN,PASIR PUTEH,4.00,3.90,71.48
2020,BUAH-BUAHAN,TEMBIKAI SUSU,TERENGGANU,BESUT,4.20,4.10,74.50
2020,BUAH-BUAHAN,TEMBIKAI SUSU,SELANGOR,KUALA LANGAT,5.30,5.30,83.00
2020,BUAH-BUAHAN,TEMBIKAI WANGI,KELANTAN,PASIR MAS,4.22,4.22,99.00
2020,BUAH-BUAHAN,TEMBIKAI SUSU,TERENGGANU,KUALA TERENGGANU,7.40,7.40,95.45
2020,BUAH-BUAHAN,TEMBIKAI SUSU,SELANGOR,HULU LANGAT,3.70,3.70,104.70
2020,BUAH-BUAHAN,TEMBIKAI SUSU,PERAK,MANJUNG,3.90,3.90,108.10
2020,BUAH-BUAHAN,TEMBIKAI SUSU,KELANTAN,KOTA BHARU,6.00,6.00,126.00
2020,BUAH-BUAHAN,TEMBIKAI SUSU,MELAKA,MELAKA TENGAH,9.06,8.86,124.28
2020,BUAH-BUAHAN,TEMBIKAI SUSU,JOHOR,BATU PAHAT,5.56,4.51,162.81
2020,BUAH-BUAHAN,TEMBIKAI SUSU,SELANGOR,SEPANG,9.20,9.20,167.50
2020,BUAH-BUAHAN,TEMBIKAI SUSU,KELANTAN,PASIR MAS,10.50,10.24,237.22
2020,BUAH-BUAHAN,TEMBIKAI SUSU,KELANTAN,PASIR PUTEH,11.00,11.00,254.71
2020,BUAH-BUAHAN,TEMBIKAI SUSU,KELANTAN,BACHOK,14.69,14.69,326.12
2020,BUAH-BUAHAN,TEMBIKAI SUSU,SELANGOR,KLANG,19.70,19.70,436.88
2020,BUAH-BUAHAN,TEMBIKAI SUSU,JOHOR,SEGAMAT,41.00,41.00,430.91
2020,BUAH-BUAHAN,TEMBIKAI SUSU,MELAKA,JASIN,58.40,51.50,497.50
2020,BUAH-BUAHAN,TEMBIKAI,SABAH,KINABATANGAN,2.00,1.00,0.50
2020,BUAH-BUAHAN,TEMBIKAI WANGI,KELANTAN,KOTA BHARU,46.85,46.85,776.05
2020,BUAH-BUAHAN,TEMBIKAI,SARAWAK,LUBOK ANTU,1.00,0.10,1.50
2020,BUAH-BUAHAN,TEMBIKAI SUSU,JOHOR,KLUANG,110.00,110.00,2275.00
2020,BUAH-BUAHAN,TEMBIKAI,SABAH,TELUPID,0.40,0.40,2.30
2020,BUAH-BUAHAN,TEMBIKAI,PAHANG,LIPIS,1.00,1.00,3.00
2020,BUAH-BUAHAN,TEMBIKAI,SARAWAK,TANJUNG MANIS,1.20,0.70,3.20
2020,BUAH-BUAHAN,TEMBIKAI SUSU,JOHOR,JOHOR BAHRU,213.00,183.65,4558.00
2020,BUAH-BUAHAN,TEMBIKAI WANGI,KELANTAN,BACHOK,257.00,257.00,5425.86
2020,BUAH-BUAHAN,TEMBIKAI SUSU,NEGERI SEMBILAN,PORT DICKSON,244.10,244.10,5558.43
2020,BUAH-BUAHAN,TEMBIKAI,PAHANG,JERANTUT,0.30,0.30,5.70
2020,BUAH-BUAHAN,TEMBIKAI,SARAWAK,PANTU,0.80,0.40,6.00
2020,BUAH-BUAHAN,TEMBIKAI,SABAH,RANAU,0.80,0.80,7.40
2020,BUAH-BUAHAN,TEMBIKAI,SELANGOR,KLANG,0.40,0.40,8.50
2020,BUAH-BUAHAN,TEMBIKAI,SARAWAK,SEBAUH,1.00,0.60,9.60
2020,BUAH-BUAHAN,TEMBIKAI,SARAWAK,PAKAN,1.00,1.00,10.00
2020,BUAH-BUAHAN,TEMBIKAI,SARAWAK,BINTULU,1.00,0.70,10.80
2020,BUAH-BUAHAN,TEMBIKAI,WP LABUAN,WP LABUAN,0.60,0.56,11.05
2020,BUAH-BUAHAN,TEMBIKAI,SABAH,KUALA PENYU,1.50,1.50,14.50
2020,BUAH-BUAHAN,TEMBIKAI,SARAWAK,SONG,3.00,1.00,15.00
2020,BUAH-BUAHAN,TEMBIKAI,SARAWAK,DALAT,6.00,1.10,16.40
2020,BUAH-BUAHAN,TEMBIKAI,NEGERI SEMBILAN,TAMPIN,0.80,0.80,16.97
2020,BUAH-BUAHAN,TEMBIKAI,PERAK,PERAK TENGAH,2.50,2.50,18.00
2020,BUAH-BUAHAN,TEMBIKAI,SARAWAK,KANOWIT,2.00,2.00,20.00
2020,BUAH-BUAHAN,TEMBIKAI,SABAH,KOTA MARUDU,4.00,4.00,22.00
2020,BUAH-BUAHAN,TEMBIKAI,SABAH,KUNAK,10.00,10.00,23.70
2020,BUAH-BUAHAN,TEMBIKAI,SARAWAK,MARUDI,2.00,1.40,25.20
2020,BUAH-BUAHAN,TEMBIKAI,SABAH,PUTATAN,4.20,4.10,25.90
2020,BUAH-BUAHAN,TEMBIKAI,SARAWAK,PUSA,4.20,2.70,26.00
2020,BUAH-BUAHAN,TEMBIKAI,PERAK,LARUT MATANG / SELAMA,2.40,2.00,26.30
2020,BUAH-BUAHAN,TEMBIKAI,SARAWAK,LAWAS,3.00,1.50,27.00
2020,BUAH-BUAHAN,TEMBIKAI,SABAH,TENOM,2.00,2.00,29.30
2020,BUAH-BUAHAN,TEMBIKAI,SARAWAK,SIBURAN,2.00,2.00,30.00
2020,BUAH-BUAHAN,TEMBIKAI,SARAWAK,BELAGA,4.00,2.50,33.00
2020,BUAH-BUAHAN,TEMBIKAI,SARAWAK,DARO,6.00,4.80,33.90
2020,BUAH-BUAHAN,TEMBIKAI,SELANGOR,PETALING,1.80,1.80,35.68
2020,BUAH-BUAHAN,TEMBIKAI,SARAWAK,BETONG,2.00,2.00,36.00
2020,BUAH-BUAHAN,TEMBIKAI,KEDAH,PADANG TERAP,56.00,56.00,40.00
2020,BUAH-BUAHAN,TEMBIKAI,SARAWAK,MATU,18.00,5.20,56.60
2020,BUAH-BUAHAN,TEMBIKAI,SARAWAK,MUKAH,9.20,4.00,60.00
2020,BUAH-BUAHAN,TEMBIKAI,SARAWAK,BUKIT MABONG,8.90,5.90,63.40
2020,BUAH-BUAHAN,TEMBIKAI,NEGERI SEMBILAN,REMBAU,4.00,4.00,71.71
2020,BUAH-BUAHAN,TEMBIKAI,SABAH,LAHAD DATU,6.00,5.00,74.00
2020,BUAH-BUAHAN,TEMBIKAI,SABAH,SANDAKAN,11.00,11.00,76.00
2020,BUAH-BUAHAN,TEMBIKAI,SABAH,KENINGAU,5.80,5.70,82.70
2020,BUAH-BUAHAN,TEMBIKAI,SARAWAK,KAPIT,9.00,7.00,83.30
2020,BUAH-BUAHAN,TEMBIKAI,KEDAH,LANGKAWI,6.93,6.04,101.34
2020,BUAH-BUAHAN,TEMBIKAI,SABAH,KOTA BELUD,7.60,5.60,106.40
2020,BUAH-BUAHAN,TEMBIKAI,SARAWAK,SERIAN,11.00,8.30,115.40
2020,BUAH-BUAHAN,TEMBIKAI,PAHANG,MARAN,6.60,6.60,116.01
2020,BUAH-BUAHAN,TEMBIKAI,MELAKA,JASIN,28.60,14.10,121.77
2020,BUAH-BUAHAN,TEMBIKAI,TERENGGANU,KUALA TERENGGANU,7.20,7.20,144.75
2020,BUAH-BUAHAN,TEMBIKAI,TERENGGANU,HULU TERENGGANU,10.30,10.25,155.50
2020,BUAH-BUAHAN,TEMBIKAI,KEDAH,PENDANG,8.30,8.30,157.72
2020,BUAH-BUAHAN,TEMBIKAI,SABAH,TUARAN,14.00,14.00,208.40
2020,BUAH-BUAHAN,TEMBIKAI,SARAWAK,SUBIS,45.70,13.70,216.60
2020,BUAH-BUAHAN,TEMBIKAI,SELANGOR,GOMBAK,11.80,11.80,238.52
2020,BUAH-BUAHAN,TEMBIKAI,PAHANG,TEMERLOH,11.80,10.80,240.00
2020,BUAH-BUAHAN,TEMBIKAI,NEGERI SEMBILAN,JELEBU,10.80,10.80,241.00
2020,BUAH-BUAHAN,TEMBIKAI,PAHANG,KUANTAN,39.00,23.00,249.04
2020,BUAH-BUAHAN,TEMBIKAI,JOHOR,MERSING,10.00,10.00,250.00
2020,BUAH-BUAHAN,TEMBIKAI,KEDAH,BALING,12.40,12.20,250.50
2020,BUAH-BUAHAN,TEMBIKAI,SARAWAK,SAMARAHAN,18.60,18.40,276.00
2020,BUAH-BUAHAN,TEMBIKAI,SABAH,BEAUFORT,48.00,24.00,304.00
2020,BUAH-BUAHAN,TEMBIKAI,MELAKA,MELAKA TENGAH,23.50,21.50,320.10
2020,BUAH-BUAHAN,TEMBIKAI,PERAK,HULU PERAK,16.10,16.10,322.00
2020,BUAH-BUAHAN,TEMBIKAI,KEDAH,POKOK SENA,21.95,21.95,402.25
2020,BUAH-BUAHAN,TEMBIKAI,SABAH,SIPITANG,21.50,21.50,440.00
2020,BUAH-BUAHAN,TEMBIKAI,SABAH,SOOK,38.00,31.00,457.00
2020,BUAH-BUAHAN,TEMBIKAI,KEDAH,KUBANG PASU,56.35,56.35,477.30
2020,BUAH-BUAHAN,TEMBIKAI,PERAK,BATANG PADANG,55.00,55.00,535.00
2020,BUAH-BUAHAN,TEMBIKAI,SARAWAK,SARIKEI,37.50,31.00,546.50
2020,BUAH-BUAHAN,TEMBIKAI,TERENGGANU,DUNGUN,32.00,29.90,557.52
2020,BUAH-BUAHAN,TEMBIKAI,PERAK,HILIR PERAK,30.00,30.00,560.00
2020,BUAH-BUAHAN,TEMBIKAI,PERAK,KUALA KANGSAR,31.00,31.00,619.52
2020,BUAH-BUAHAN,TEMBIKAI,TERENGGANU,KEMAMAN,35.40,35.30,637.62
2020,BUAH-BUAHAN,TEMBIKAI,KELANTAN,KUALA KRAI,82.50,50.20,659.40
2020,BUAH-BUAHAN,TEMBIKAI,SARAWAK,KABONG,45.00,45.00,704.00
2020,BUAH-BUAHAN,TEMBIKAI,KELANTAN,TANAH MERAH,36.09,36.06,723.22
2020,BUAH-BUAHAN,TEMBIKAI,PERAK,MANJUNG,52.30,52.30,760.00
2020,BUAH-BUAHAN,TEMBIKAI,KEDAH,KUALA MUDA,216.00,213.00,783.00
2020,BUAH-BUAHAN,TEMBIKAI,KELANTAN,GUA MUSANG,81.40,78.40,793.00
2020,BUAH-BUAHAN,TEMBIKAI,SABAH,KUDAT,34.00,34.00,822.00
2020,BUAH-BUAHAN,TEMBIKAI,SARAWAK,SIMUNJAN,71.20,48.50,869.00
2020,BUAH-BUAHAN,TEMBIKAI,KELANTAN,TUMPAT,54.12,52.72,936.89
2020,BUAH-BUAHAN,TEMBIKAI,KELANTAN,PASIR MAS,54.26,53.95,1043.25
2020,BUAH-BUAHAN,TEMBIKAI,KEDAH,BANDAR BAHARU,51.50,51.50,1083.13
2020,BUAH-BUAHAN,TEMBIKAI,SABAH,PAPAR,130.00,130.00,1300.00
2020,BUAH-BUAHAN,TEMBIKAI,MELAKA,ALOR GAJAH,92.00,92.00,1304.00
2020,BUAH-BUAHAN,TEMBIKAI,TERENGGANU,KUALA NERUS,73.26,71.46,1313.89
2020,BUAH-BUAHAN,TEMBIKAI,SABAH,TAWAU,96.20,94.60,1435.00
2020,BUAH-BUAHAN,TEMBIKAI,KEDAH,KULIM,115.00,105.00,1731.42
2020,BUAH-BUAHAN,TEMBIKAI,SARAWAK,ASAJAYA,134.70,113.20,1740.80
2020,BUAH-BUAHAN,TEMBIKAI,TERENGGANU,BESUT,150.50,119.89,2092.34
2020,BUAH-BUAHAN,TEMBIKAI,SARAWAK,KUCHING,124.60,123.20,2180.20
2020,BUAH-BUAHAN,TEMBIKAI,NEGERI SEMBILAN,PORT DICKSON,120.50,120.50,2339.27
2020,BUAH-BUAHAN,TEMBIKAI,PERLIS,PERLIS,112.33,112.33,2457.03
2020,BUAH-BUAHAN,TEMBIKAI,NEGERI SEMBILAN,SEREMBAN,100.00,100.00,2500.00
2020,BUAH-BUAHAN,TEMBIKAI,KELANTAN,MACHANG,131.75,133.75,2846.36
2020,BUAH-BUAHAN,TEMBIKAI,TERENGGANU,MARANG,209.02,198.54,2907.90
2020,BUAH-BUAHAN,TEMBIKAI,KELANTAN,KOTA BHARU,176.24,174.94,3233.91
2020,BUAH-BUAHAN,TEMBIKAI,JOHOR,JOHOR BAHRU,210.00,180.00,3240.00
2020,BUAH-BUAHAN,TEMBIKAI,JOHOR,SEGAMAT,225.00,225.00,3264.83
2020,BUAH-BUAHAN,TEMBIKAI,KELANTAN,JELI,197.57,185.14,3366.64
2020,BUAH-BUAHAN,TEMBIKAI,SARAWAK,LUNDU,294.90,213.40,3822.00
2020,BUAH-BUAHAN,TEMBIKAI,JOHOR,KLUANG,270.00,270.00,4205.05
2020,BUAH-BUAHAN,TEMBIKAI,PAHANG,PEKAN,662.30,662.30,4739.50
2020,BUAH-BUAHAN,TEMBIKAI,TERENGGANU,SETIU,371.78,371.78,6337.02
2020,BUAH-BUAHAN,TEMBIKAI,JOHOR,KOTA TINGGI,453.00,362.50,7670.50
2020,BUAH-BUAHAN,TEMBIKAI,KELANTAN,PASIR PUTEH,373.32,372.03,8088.81
2020,BUAH-BUAHAN,TEMBIKAI,NEGERI SEMBILAN,JEMPOL,404.00,404.00,8585.00
2020,BUAH-BUAHAN,TEMBIKAI,PAHANG,ROMPIN,1270.60,1270.60,11893.94
2020,BUAH-BUAHAN,TEMBIKAI,KELANTAN,BACHOK,1043.59,1036.43,19923.26
2021,BUAH-BUAHAN,TEMBIKAI SUSU,PAHANG,JERANTUT,0.20,0.20,0.00
2021,BUAH-BUAHAN,TEMBIKAI SUSU,PAHANG,KUANTAN,0.06,0.02,0.50
2021,BUAH-BUAHAN,TEMBIKAI,SARAWAK,BELURU,0.60,0.00,0.00
2021,BUAH-BUAHAN,TEMBIKAI SUSU,NEGERI SEMBILAN,SEREMBAN,0.12,0.12,1.00
2021,BUAH-BUAHAN,TEMBIKAI WANGI,KEDAH,LANGKAWI,0.15,0.15,2.02
2021,BUAH-BUAHAN,TEMBIKAI SUSU,PAHANG,RAUB,1.00,0.40,3.00
2021,BUAH-BUAHAN,TEMBIKAI SUSU,JOHOR,KOTA TINGGI,0.30,0.30,5.00
2021,BUAH-BUAHAN,TEMBIKAI SUSU,PAHANG,BERA,0.40,0.40,6.25
2021,BUAH-BUAHAN,TEMBIKAI SUSU,PULAU PINANG,SEBERANG PERAI UTARA,0.60,0.60,6.50
2021,BUAH-BUAHAN,TEMBIKAI WANGI,SELANGOR,KUALA LANGAT,0.40,0.40,7.00
2021,BUAH-BUAHAN,TEMBIKAI SUSU,JOHOR,MUAR,0.47,0.42,7.15
2021,BUAH-BUAHAN,TEMBIKAI WANGI,TERENGGANU,MARANG,1.80,1.80,6.40
2021,BUAH-BUAHAN,TEMBIKAI WANGI,KELANTAN,PASIR MAS,0.47,0.47,9.87
2021,BUAH-BUAHAN,TEMBIKAI SUSU,PERAK,HILIR PERAK,0.80,0.80,11.04
2021,BUAH-BUAHAN,TEMBIKAI WANGI,KELANTAN,GUA MUSANG,2.62,1.20,10.70
2021,BUAH-BUAHAN,TEMBIKAI SUSU,KELANTAN,PASIR PUTEH,1.20,1.20,14.40
2021,BUAH-BUAHAN,TEMBIKAI SUSU,KELANTAN,TUMPAT,0.80,0.80,15.60
2021,BUAH-BUAHAN,TEMBIKAI SUSU,SELANGOR,GOMBAK,0.60,0.60,16.24
2021,BUAH-BUAHAN,TEMBIKAI SUSU,KEDAH,KULIM,0.60,0.60,16.55
2021,BUAH-BUAHAN,TEMBIKAI WANGI,JOHOR,MERSING,1.20,0.80,18.65
2021,BUAH-BUAHAN,TEMBIKAI SUSU,PERAK,BAGAN DATOK,1.40,1.40,20.48
2021,BUAH-BUAHAN,TEMBIKAI WANGI,KEDAH,SIK,1.50,1.50,22.00
2021,BUAH-BUAHAN,TEMBIKAI SUSU,PERAK,PERAK TENGAH,3.80,2.20,19.03
2021,BUAH-BUAHAN,TEMBIKAI SUSU,PERLIS,PERLIS,4.12,4.12,17.00
2021,BUAH-BUAHAN,TEMBIKAI SUSU,KELANTAN,MACHANG,1.20,1.20,24.00
2021,BUAH-BUAHAN,TEMBIKAI SUSU,SELANGOR,SABAK BERNAM,2.90,2.90,21.00
2021,BUAH-BUAHAN,TEMBIKAI SUSU,PERAK,KINTA,1.15,1.15,32.17
2021,BUAH-BUAHAN,TEMBIKAI SUSU,KEDAH,SIK,2.10,2.09,30.73
2021,BUAH-BUAHAN,TEMBIKAI SUSU,PAHANG,LIPIS,3.50,3.50,37.84
2021,BUAH-BUAHAN,TEMBIKAI SUSU,SELANGOR,PETALING,3.15,2.48,41.67
2021,BUAH-BUAHAN,TEMBIKAI SUSU,MELAKA,MELAKA TENGAH,4.68,4.31,40.47
2021,BUAH-BUAHAN,TEMBIKAI SUSU,PAHANG,ROMPIN,3.10,3.10,47.15
2021,BUAH-BUAHAN,TEMBIKAI SUSU,NEGERI SEMBILAN,KUALA PILAH,4.00,2.40,51.84
2021,BUAH-BUAHAN,TEMBIKAI SUSU,TERENGGANU,KUALA NERUS,4.80,4.60,56.15
2021,BUAH-BUAHAN,TEMBIKAI SUSU,SELANGOR,HULU LANGAT,3.50,3.50,62.97
2021,BUAH-BUAHAN,TEMBIKAI SUSU,KEDAH,POKOK SENA,1.96,1.96,69.00
2021,BUAH-BUAHAN,TEMBIKAI SUSU,SELANGOR,HULU SELANGOR,3.48,3.45,83.95
2021,BUAH-BUAHAN,TEMBIKAI SUSU,TERENGGANU,MARANG,10.80,10.80,89.84
2021,BUAH-BUAHAN,TEMBIKAI WANGI,KELANTAN,PASIR PUTEH,6.20,6.20,105.98
2021,BUAH-BUAHAN,TEMBIKAI SUSU,PERAK,MANJUNG,6.30,6.30,106.01
2021,BUAH-BUAHAN,TEMBIKAI SUSU,KELANTAN,PASIR MAS,4.96,4.96,109.95
2021,BUAH-BUAHAN,TEMBIKAI SUSU,JOHOR,KLUANG,10.00,10.00,100.00
2021,BUAH-BUAHAN,TEMBIKAI SUSU,KELANTAN,KOTA BHARU,6.00,6.00,126.00
2021,BUAH-BUAHAN,TEMBIKAI SUSU,TERENGGANU,BESUT,11.93,11.00,133.72
2021,BUAH-BUAHAN,TEMBIKAI SUSU,MELAKA,JASIN,21.60,11.60,123.50
2021,BUAH-BUAHAN,TEMBIKAI SUSU,TERENGGANU,KUALA TERENGGANU,14.60,10.80,132.15
2021,BUAH-BUAHAN,TEMBIKAI SUSU,SELANGOR,KUALA SELANGOR,15.90,13.00,140.07
2021,BUAH-BUAHAN,TEMBIKAI SUSU,MELAKA,ALOR GAJAH,16.40,16.40,142.08
2021,BUAH-BUAHAN,TEMBIKAI SUSU,JOHOR,BATU PAHAT,17.80,10.36,164.42
2021,BUAH-BUAHAN,TEMBIKAI SUSU,SELANGOR,SEPANG,12.00,12.00,201.50
2021,BUAH-BUAHAN,TEMBIKAI SUSU,TERENGGANU,DUNGUN,11.70,11.40,255.85
2021,BUAH-BUAHAN,TEMBIKAI SUSU,KEDAH,KUBANG PASU,28.85,28.80,226.76
2021,BUAH-BUAHAN,TEMBIKAI SUSU,KELANTAN,BACHOK,13.29,13.29,285.60
2021,BUAH-BUAHAN,TEMBIKAI SUSU,SELANGOR,KLANG,20.80,20.80,296.53
2021,BUAH-BUAHAN,TEMBIKAI SUSU,TERENGGANU,SETIU,24.40,24.40,361.00
2021,BUAH-BUAHAN,TEMBIKAI SUSU,SELANGOR,KUALA LANGAT,30.10,30.10,743.10
2021,BUAH-BUAHAN,TEMBIKAI WANGI,KELANTAN,KOTA BHARU,54.85,51.65,1171.35
2021,BUAH-BUAHAN,TEMBIKAI SUSU,JOHOR,SEGAMAT,114.00,85.00,1399.14
2021,BUAH-BUAHAN,TEMBIKAI,SARAWAK,LUBOK ANTU,1.00,0.10,1.50
2021,BUAH-BUAHAN,TEMBIKAI SUSU,JOHOR,JOHOR BAHRU,138.00,137.85,3096.66
2021,BUAH-BUAHAN,TEMBIKAI,PAHANG,BERA,1.60,0.80,2.78
2021,BUAH-BUAHAN,TEMBIKAI,PERAK,KERIAN,0.10,0.10,3.20
2021,BUAH-BUAHAN,TEMBIKAI,SABAH,KOTA KINABALU,0.50,0.50,3.40
2021,BUAH-BUAHAN,TEMBIKAI,SARAWAK,TANJUNG MANIS,1.20,1.10,3.60
2021,BUAH-BUAHAN,TEMBIKAI WANGI,KELANTAN,BACHOK,283.70,283.70,5938.01
2021,BUAH-BUAHAN,TEMBIKAI SUSU,NEGERI SEMBILAN,PORT DICKSON,398.36,398.36,9144.95
2021,BUAH-BUAHAN,TEMBIKAI,SARAWAK,PANTU,0.80,0.40,6.00
2021,BUAH-BUAHAN,TEMBIKAI,PAHANG,LIPIS,0.60,0.60,6.36
2021,BUAH-BUAHAN,TEMBIKAI,SABAH,TELUPID,0.80,0.80,9.20
2021,BUAH-BUAHAN,TEMBIKAI,KEDAH,KUBANG PASU,1.50,1.50,9.50
2021,BUAH-BUAHAN,TEMBIKAI,SARAWAK,SEBAUH,1.00,0.60,9.60
2021,BUAH-BUAHAN,TEMBIKAI,SARAWAK,PAKAN,1.00,1.00,10.00
2021,BUAH-BUAHAN,TEMBIKAI,SARAWAK,BINTULU,1.00,0.70,10.80
2021,BUAH-BUAHAN,TEMBIKAI,SABAH,RANAU,1.20,1.20,11.40
2021,BUAH-BUAHAN,TEMBIKAI,SABAH,PUTATAN,2.10,1.50,12.10
2021,BUAH-BUAHAN,TEMBIKAI,PERAK,PERAK TENGAH,2.00,2.00,13.50
2021,BUAH-BUAHAN,TEMBIKAI,SARAWAK,SONG,3.00,1.00,15.00
2021,BUAH-BUAHAN,TEMBIKAI,SARAWAK,DALAT,6.00,1.00,15.00
2021,BUAH-BUAHAN,TEMBIKAI,SABAH,KOTA MARUDU,4.00,4.00,18.70
2021,BUAH-BUAHAN,TEMBIKAI,KEDAH,PADANG TERAP,14.50,14.50,20.09
2021,BUAH-BUAHAN,TEMBIKAI,MELAKA,ALOR GAJAH,1.70,1.30,20.99
2021,BUAH-BUAHAN,TEMBIKAI,SARAWAK,LAWAS,3.00,1.30,23.40
2021,BUAH-BUAHAN,TEMBIKAI,SARAWAK,MARUDI,2.10,1.40,25.20
2021,BUAH-BUAHAN,TEMBIKAI,SARAWAK,PUSA,4.20,2.70,25.80
2021,BUAH-BUAHAN,TEMBIKAI,SABAH,PENAMPANG,1.10,1.10,28.20
2021,BUAH-BUAHAN,TEMBIKAI,SABAH,SOOK,2.40,2.40,31.20
2021,BUAH-BUAHAN,TEMBIKAI,SARAWAK,BELAGA,4.00,2.50,33.00
2021,BUAH-BUAHAN,TEMBIKAI,KEDAH,KUALA MUDA,10.00,10.00,35.00
2021,BUAH-BUAHAN,TEMBIKAI,SARAWAK,BETONG,2.00,2.00,36.00
2021,BUAH-BUAHAN,TEMBIKAI,SARAWAK,DARO,6.20,5.90,36.90
2021,BUAH-BUAHAN,TEMBIKAI,SABAH,BELURAN,4.00,4.00,40.00
2021,BUAH-BUAHAN,TEMBIKAI,SARAWAK,SIBURAN,6.00,4.00,42.00
2021,BUAH-BUAHAN,TEMBIKAI,SABAH,KINABATANGAN,3.50,3.50,57.00
2021,BUAH-BUAHAN,TEMBIKAI,SARAWAK,MUKAH,9.20,4.00,60.00
2021,BUAH-BUAHAN,TEMBIKAI,SARAWAK,MIRI,11.50,6.00,60.00
2021,BUAH-BUAHAN,TEMBIKAI,SARAWAK,MATU,24.50,6.60,61.60
2021,BUAH-BUAHAN,TEMBIKAI,SARAWAK,BUKIT MABONG,8.90,5.90,63.00
2021,BUAH-BUAHAN,TEMBIKAI,SABAH,KUALA PENYU,4.60,4.60,64.00
2021,BUAH-BUAHAN,TEMBIKAI,SELANGOR,PETALING,3.60,3.60,68.16
2021,BUAH-BUAHAN,TEMBIKAI,NEGERI SEMBILAN,REMBAU,8.00,8.00,72.71
2021,BUAH-BUAHAN,TEMBIKAI,TERENGGANU,HULU TERENGGANU,4.80,4.80,81.70
2021,BUAH-BUAHAN,TEMBIKAI,SARAWAK,KAPIT,9.00,7.00,83.30
2021,BUAH-BUAHAN,TEMBIKAI,SABAH,KOTA BELUD,5.40,5.20,100.20
2021,BUAH-BUAHAN,TEMBIKAI,KEDAH,LANGKAWI,5.63,5.26,102.21
2021,BUAH-BUAHAN,TEMBIKAI,SARAWAK,SERIAN,11.00,8.30,115.40
2021,BUAH-BUAHAN,TEMBIKAI,SABAH,LAHAD DATU,18.00,18.00,126.50
2021,BUAH-BUAHAN,TEMBIKAI,PAHANG,MARAN,6.60,6.60,141.55
2021,BUAH-BUAHAN,TEMBIKAI,TERENGGANU,KUALA TERENGGANU,7.40,7.40,148.40
2021,BUAH-BUAHAN,TEMBIKAI,SELANGOR,GOMBAK,8.50,8.00,160.75
2021,BUAH-BUAHAN,TEMBIKAI,TERENGGANU,KEMAMAN,15.30,12.90,172.10
2021,BUAH-BUAHAN,TEMBIKAI,SABAH,TUARAN,11.90,11.40,176.80
2021,BUAH-BUAHAN,TEMBIKAI,SABAH,SANDAKAN,10.00,10.00,185.00
2021,BUAH-BUAHAN,TEMBIKAI,SARAWAK,SUBIS,45.70,13.70,216.60
2021,BUAH-BUAHAN,TEMBIKAI,SARAWAK,SAMARAHAN,18.60,18.50,277.50
2021,BUAH-BUAHAN,TEMBIKAI,SABAH,KENINGAU,14.30,14.30,279.60
2021,BUAH-BUAHAN,TEMBIKAI,PERAK,MANJUNG,18.30,18.30,301.00
2021,BUAH-BUAHAN,TEMBIKAI,KEDAH,BANDAR BAHARU,15.00,15.00,318.00
2021,BUAH-BUAHAN,TEMBIKAI,MELAKA,MELAKA TENGAH,21.50,21.40,336.86
2021,BUAH-BUAHAN,TEMBIKAI,KEDAH,POKOK SENA,17.50,17.00,350.00
2021,BUAH-BUAHAN,TEMBIKAI,PAHANG,KUANTAN,38.30,28.20,396.04
2021,BUAH-BUAHAN,TEMBIKAI,SABAH,SIPITANG,20.90,20.90,422.30
2021,BUAH-BUAHAN,TEMBIKAI,PERAK,HULU PERAK,22.10,21.10,430.86
2021,BUAH-BUAHAN,TEMBIKAI,KEDAH,BALING,30.00,30.00,463.80
2021,BUAH-BUAHAN,TEMBIKAI,TERENGGANU,DUNGUN,27.20,24.80,519.60
2021,BUAH-BUAHAN,TEMBIKAI,SARAWAK,SARIKEI,37.50,31.00,546.50
2021,BUAH-BUAHAN,TEMBIKAI,SARAWAK,SIMUNJAN,71.20,44.80,561.50
2021,BUAH-BUAHAN,TEMBIKAI,SABAH,BEAUFORT,48.00,48.00,588.00
2021,BUAH-BUAHAN,TEMBIKAI,PERAK,KUALA KANGSAR,30.00,30.00,600.00
2021,BUAH-BUAHAN,TEMBIKAI,PAHANG,TEMERLOH,43.00,43.00,600.00
2021,BUAH-BUAHAN,TEMBIKAI,PERAK,HILIR PERAK,30.00,30.00,601.80
2021,BUAH-BUAHAN,TEMBIKAI,KELANTAN,GUA MUSANG,46.40,46.40,693.30
2021,BUAH-BUAHAN,TEMBIKAI,SARAWAK,KABONG,45.00,45.00,704.00
2021,BUAH-BUAHAN,TEMBIKAI,JOHOR,MERSING,49.20,38.20,772.00
2021,BUAH-BUAHAN,TEMBIKAI,SABAH,PAPAR,100.00,100.00,880.00
2021,BUAH-BUAHAN,TEMBIKAI,KEDAH,KULIM,43.00,43.00,931.33
2021,BUAH-BUAHAN,TEMBIKAI,KELANTAN,KUALA KRAI,87.20,60.30,954.64
2021,BUAH-BUAHAN,TEMBIKAI,SABAH,KUDAT,43.00,43.00,1032.00
2021,BUAH-BUAHAN,TEMBIKAI,KELANTAN,TUMPAT,60.13,59.73,1126.23
2021,BUAH-BUAHAN,TEMBIKAI,KEDAH,SIK,76.40,76.10,1289.00
2021,BUAH-BUAHAN,TEMBIKAI,JOHOR,SEGAMAT,75.00,75.00,1342.41
2021,BUAH-BUAHAN,TEMBIKAI,KELANTAN,PASIR MAS,70.95,70.74,1419.13
2021,BUAH-BUAHAN,TEMBIKAI,SABAH,TAWAU,97.20,96.90,1491.20
2021,BUAH-BUAHAN,TEMBIKAI,KELANTAN,TANAH MERAH,79.96,79.16,1493.86
2021,BUAH-BUAHAN,TEMBIKAI,TERENGGANU,KUALA NERUS,84.72,83.52,1524.87
2021,BUAH-BUAHAN,TEMBIKAI,KELANTAN,MACHANG,82.65,82.65,1625.31
2021,BUAH-BUAHAN,TEMBIKAI,SARAWAK,ASAJAYA,134.70,113.20,1740.80
2021,BUAH-BUAHAN,TEMBIKAI,SARAWAK,KUCHING,124.60,117.20,2078.40
2021,BUAH-BUAHAN,TEMBIKAI,TERENGGANU,BESUT,127.60,112.10,2251.45
2021,BUAH-BUAHAN,TEMBIKAI,TERENGGANU,MARANG,166.07,158.32,2254.35
2021,BUAH-BUAHAN,TEMBIKAI,PERLIS,PERLIS,104.20,104.20,2271.50
2021,BUAH-BUAHAN,TEMBIKAI,SARAWAK,LUNDU,289.90,136.00,2432.00
2021,BUAH-BUAHAN,TEMBIKAI,JOHOR,JOHOR BAHRU,139.50,139.50,2511.75
2021,BUAH-BUAHAN,TEMBIKAI,KELANTAN,JELI,312.93,183.09,2784.23
2021,BUAH-BUAHAN,TEMBIKAI,KELANTAN,KOTA BHARU,189.74,189.74,3321.22
2021,BUAH-BUAHAN,TEMBIKAI,JOHOR,KLUANG,205.00,205.00,3637.50
2021,BUAH-BUAHAN,TEMBIKAI,NEGERI SEMBILAN,PORT DICKSON,273.30,271.30,5534.18
2021,BUAH-BUAHAN,TEMBIKAI,KELANTAN,PASIR PUTEH,276.20,275.72,5974.69
2021,BUAH-BUAHAN,TEMBIKAI,KEDAH,PENDANG,119.20,119.20,6345.36
2021,BUAH-BUAHAN,TEMBIKAI,TERENGGANU,SETIU,366.70,366.30,6746.25
2021,BUAH-BUAHAN,TEMBIKAI,JOHOR,KOTA TINGGI,348.00,348.00,7684.54
2021,BUAH-BUAHAN,TEMBIKAI,PAHANG,PEKAN,595.60,595.40,9276.20
2021,BUAH-BUAHAN,TEMBIKAI,PAHANG,ROMPIN,869.40,815.40,13386.40
2021,BUAH-BUAHAN,TEMBIKAI,KELANTAN,BACHOK,1057.20,1056.76,19914.90
2022,BUAH-BUAHAN,TEMBIKAI WANGI,PAHANG,ROMPIN,0.20,0.00,0.00
2022,BUAH-BUAHAN,TEMBIKAI SUSU,PAHANG,BENTONG,0.03,0.03,0.18
2022,BUAH-BUAHAN,TEMBIKAI,SARAWAK,BELURU,0.60,0.00,0.00
2022,BUAH-BUAHAN,TEMBIKAI WANGI,KEDAH,LANGKAWI,0.08,0.08,1.06
2022,BUAH-BUAHAN,TEMBIKAI SUSU,PULAU PINANG,SEBERANG PERAI UTARA,0.20,0.04,1.35
2022,BUAH-BUAHAN,TEMBIKAI SUSU,KEDAH,PADANG TERAP,0.14,0.14,1.35
2022,BUAH-BUAHAN,TEMBIKAI WANGI,SABAH,KOTA KINABALU,0.40,0.30,1.90
2022,BUAH-BUAHAN,TEMBIKAI SUSU,SABAH,BELURAN,0.20,0.20,2.20
2022,BUAH-BUAHAN,TEMBIKAI SUSU,TERENGGANU,KEMAMAN,0.40,0.40,2.00
2022,BUAH-BUAHAN,TEMBIKAI WANGI,SABAH,TELUPID,0.20,0.20,2.70
2022,BUAH-BUAHAN,TEMBIKAI WANGI,PAHANG,MARAN,0.50,0.50,3.70
2022,BUAH-BUAHAN,TEMBIKAI SUSU,JOHOR,MUAR,0.50,0.30,4.10
2022,BUAH-BUAHAN,TEMBIKAI SUSU,PAHANG,TEMERLOH,0.20,0.20,5.63
2022,BUAH-BUAHAN,TEMBIKAI SUSU,NEGERI SEMBILAN,SEREMBAN,0.36,0.36,8.95
2022,BUAH-BUAHAN,TEMBIKAI WANGI,SABAH,KUALA PENYU,1.50,1.50,7.50
2022,BUAH-BUAHAN,TEMBIKAI SUSU,SABAH,TUARAN,1.90,1.90,6.80
2022,BUAH-BUAHAN,TEMBIKAI SUSU,MELAKA,JASIN,1.80,1.00,12.30
2022,BUAH-BUAHAN,TEMBIKAI SUSU,SELANGOR,GOMBAK,0.60,0.60,14.00
2022,BUAH-BUAHAN,TEMBIKAI WANGI,KELANTAN,PASIR MAS,0.80,0.80,13.70
2022,BUAH-BUAHAN,TEMBIKAI SUSU,KEDAH,KULIM,0.60,0.60,14.99
2022,BUAH-BUAHAN,TEMBIKAI SUSU,KELANTAN,TUMPAT,0.80,0.80,15.13
2022,BUAH-BUAHAN,TEMBIKAI SUSU,PAHANG,RAUB,1.00,0.40,15.60
2022,BUAH-BUAHAN,TEMBIKAI SUSU,PAHANG,BERA,1.10,1.00,16.77
2022,BUAH-BUAHAN,TEMBIKAI WANGI,SABAH,KENINGAU,1.40,1.40,16.60
2022,BUAH-BUAHAN,TEMBIKAI WANGI,SABAH,PUTATAN,1.40,1.30,17.60
2022,BUAH-BUAHAN,TEMBIKAI SUSU,KEDAH,SIK,1.50,1.50,20.48
2022,BUAH-BUAHAN,TEMBIKAI SUSU,PERAK,HULU PERAK,2.00,2.00,20.00
2022,BUAH-BUAHAN,TEMBIKAI WANGI,SABAH,PENAMPANG,1.10,1.10,25.30
2022,BUAH-BUAHAN,TEMBIKAI SUSU,PERAK,KINTA,1.54,1.08,30.86
2022,BUAH-BUAHAN,TEMBIKAI SUSU,PERLIS,PERLIS,8.55,8.55,24.30
2022,BUAH-BUAHAN,TEMBIKAI SUSU,PAHANG,LIPIS,3.90,3.90,34.05
2022,BUAH-BUAHAN,TEMBIKAI WANGI,KELANTAN,GUA MUSANG,2.00,2.00,41.00
2022,BUAH-BUAHAN,TEMBIKAI SUSU,SABAH,KOTA BELUD,3.10,3.10,41.20
2022,BUAH-BUAHAN,TEMBIKAI SUSU,SELANGOR,PETALING,3.63,2.92,44.48
2022,BUAH-BUAHAN,TEMBIKAI SUSU,PERAK,BAGAN DATOK,1.40,1.40,50.70
2022,BUAH-BUAHAN,TEMBIKAI SUSU,KELANTAN,PASIR PUTEH,2.00,2.00,50.00
2022,BUAH-BUAHAN,TEMBIKAI SUSU,TERENGGANU,BESUT,10.80,10.80,34.50
2022,BUAH-BUAHAN,TEMBIKAI SUSU,TERENGGANU,KUALA NERUS,2.90,2.90,51.20
2022,BUAH-BUAHAN,TEMBIKAI SUSU,JOHOR,JOHOR BAHRU,3.00,2.85,59.16
2022,BUAH-BUAHAN,TEMBIKAI SUSU,KEDAH,KUBANG PASU,4.20,4.20,69.30
2022,BUAH-BUAHAN,TEMBIKAI SUSU,TERENGGANU,MARANG,7.20,7.20,63.50
2022,BUAH-BUAHAN,TEMBIKAI SUSU,KELANTAN,PASIR MAS,3.25,3.25,72.00
2022,BUAH-BUAHAN,TEMBIKAI SUSU,SABAH,SIPITANG,5.50,4.50,72.00
2022,BUAH-BUAHAN,TEMBIKAI SUSU,SELANGOR,SABAK BERNAM,7.10,7.00,76.16
2022,BUAH-BUAHAN,TEMBIKAI SUSU,TERENGGANU,KUALA TERENGGANU,6.90,6.90,81.00
2022,BUAH-BUAHAN,TEMBIKAI SUSU,MELAKA,MELAKA TENGAH,5.99,5.64,85.78
2022,BUAH-BUAHAN,TEMBIKAI SUSU,SABAH,SANDAKAN,9.00,9.00,80.00
2022,BUAH-BUAHAN,TEMBIKAI WANGI,KELANTAN,PASIR PUTEH,4.00,4.00,90.00
2022,BUAH-BUAHAN,TEMBIKAI SUSU,SELANGOR,SEPANG,4.00,3.75,90.85
2022,BUAH-BUAHAN,TEMBIKAI SUSU,SABAH,KENINGAU,4.40,4.40,95.00
2022,BUAH-BUAHAN,TEMBIKAI SUSU,SELANGOR,HULU SELANGOR,5.37,4.23,101.51
2022,BUAH-BUAHAN,TEMBIKAI SUSU,NEGERI SEMBILAN,KUALA PILAH,4.80,4.80,107.67
2022,BUAH-BUAHAN,TEMBIKAI SUSU,KELANTAN,KOTA BHARU,6.00,6.00,127.05
2022,BUAH-BUAHAN,TEMBIKAI SUSU,MELAKA,ALOR GAJAH,2.60,2.60,142.08
2022,BUAH-BUAHAN,TEMBIKAI WANGI,SABAH,SOOK,20.00,10.00,121.00
2022,BUAH-BUAHAN,TEMBIKAI SUSU,SABAH,SOOK,30.00,15.00,116.00
2022,BUAH-BUAHAN,TEMBIKAI SUSU,SELANGOR,KUALA SELANGOR,15.20,13.70,162.74
2022,BUAH-BUAHAN,TEMBIKAI SUSU,JOHOR,BATU PAHAT,18.12,10.85,164.96
2022,BUAH-BUAHAN,TEMBIKAI SUSU,SABAH,KUDAT,8.00,8.00,183.00
2022,BUAH-BUAHAN,TEMBIKAI SUSU,TERENGGANU,DUNGUN,8.40,8.40,192.50
2022,BUAH-BUAHAN,TEMBIKAI SUSU,SABAH,BEAUFORT,32.00,16.00,170.00
2022,BUAH-BUAHAN,TEMBIKAI SUSU,SABAH,MATUNGGONG,10.00,10.00,226.00
2022,BUAH-BUAHAN,TEMBIKAI SUSU,PERAK,MANJUNG,10.40,10.40,260.20
2022,BUAH-BUAHAN,TEMBIKAI SUSU,SELANGOR,KLANG,20.00,20.00,265.00
2022,BUAH-BUAHAN,TEMBIKAI SUSU,KELANTAN,BACHOK,16.79,16.79,323.00
2022,BUAH-BUAHAN,TEMBIKAI SUSU,JOHOR,KLUANG,20.00,20.00,350.00
2022,BUAH-BUAHAN,TEMBIKAI SUSU,TERENGGANU,SETIU,27.40,27.40,682.40
2022,BUAH-BUAHAN,TEMBIKAI SUSU,SABAH,TAWAU,54.00,54.00,687.40
2022,BUAH-BUAHAN,TEMBIKAI SUSU,SELANGOR,KUALA LANGAT,36.60,35.70,830.61
2022,BUAH-BUAHAN,TEMBIKAI WANGI,KELANTAN,KOTA BHARU,41.65,40.85,864.30
2022,BUAH-BUAHAN,TEMBIKAI,SARAWAK,DALAT,6.00,0.50,0.50
2022,BUAH-BUAHAN,TEMBIKAI SUSU,JOHOR,SEGAMAT,78.00,61.00,904.36
2022,BUAH-BUAHAN,TEMBIKAI,SELANGOR,SEPANG,0.30,0.30,0.60
2022,BUAH-BUAHAN,TEMBIKAI,SARAWAK,LUBOK ANTU,1.00,0.10,1.50
2022,BUAH-BUAHAN,TEMBIKAI SUSU,NEGERI SEMBILAN,PORT DICKSON,134.42,134.42,3088.88
2022,BUAH-BUAHAN,TEMBIKAI WANGI,KELANTAN,BACHOK,219.45,219.45,4122.41
2022,BUAH-BUAHAN,TEMBIKAI,SARAWAK,TANJUNG MANIS,1.20,1.10,3.60
2022,BUAH-BUAHAN,TEMBIKAI,SARAWAK,PANTU,0.80,0.40,6.00
2022,BUAH-BUAHAN,TEMBIKAI,SABAH,TELUPID,1.20,1.20,7.20
2022,BUAH-BUAHAN,TEMBIKAI,SARAWAK,BINTULU,0.50,0.50,7.50
2022,BUAH-BUAHAN,TEMBIKAI,SELANGOR,KLANG,0.40,0.40,8.50
2022,BUAH-BUAHAN,TEMBIKAI,NEGERI SEMBILAN,SEREMBAN,0.36,0.36,8.95
2022,BUAH-BUAHAN,TEMBIKAI,PAHANG,LIPIS,2.20,2.20,9.00
2022,BUAH-BUAHAN,TEMBIKAI,SARAWAK,SEBAUH,1.00,0.60,9.60
2022,BUAH-BUAHAN,TEMBIKAI,SARAWAK,PAKAN,1.00,1.00,10.00
2022,BUAH-BUAHAN,TEMBIKAI,SABAH,KOTA MARUDU,2.80,2.80,12.50
2022,BUAH-BUAHAN,TEMBIKAI,SARAWAK,SONG,3.00,1.00,15.00
2022,BUAH-BUAHAN,TEMBIKAI,PERAK,KERIAN,0.70,0.70,15.90
2022,BUAH-BUAHAN,TEMBIKAI,PAHANG,RAUB,1.19,1.10,18.00
2022,BUAH-BUAHAN,TEMBIKAI,WP LABUAN,WP LABUAN,4.70,2.80,18.40
2022,BUAH-BUAHAN,TEMBIKAI,SARAWAK,LAWAS,3.00,1.10,19.80
2022,BUAH-BUAHAN,TEMBIKAI,SABAH,KUALA PENYU,4.00,4.00,22.10
2022,BUAH-BUAHAN,TEMBIKAI,PERAK,PERAK TENGAH,2.00,1.80,23.00
2022,BUAH-BUAHAN,TEMBIKAI,SARAWAK,PUSA,4.20,2.70,25.80
2022,BUAH-BUAHAN,TEMBIKAI,SARAWAK,BELAGA,4.00,2.50,33.00
2022,BUAH-BUAHAN,TEMBIKAI,PAHANG,MARAN,2.20,2.20,35.00
2022,BUAH-BUAHAN,TEMBIKAI,SARAWAK,DARO,7.70,6.90,40.50
2022,BUAH-BUAHAN,TEMBIKAI,SARAWAK,SIBURAN,6.00,4.00,42.00
2022,BUAH-BUAHAN,TEMBIKAI,TERENGGANU,HULU TERENGGANU,3.30,3.30,45.80
2022,BUAH-BUAHAN,TEMBIKAI,SABAH,KOTA BELUD,6.50,4.50,49.50
2022,BUAH-BUAHAN,TEMBIKAI,PAHANG,TEMERLOH,3.00,3.00,60.00
2022,BUAH-BUAHAN,TEMBIKAI,SABAH,BELURAN,4.00,4.00,60.00
2022,BUAH-BUAHAN,TEMBIKAI,SARAWAK,MIRI,11.50,6.00,60.00
2022,BUAH-BUAHAN,TEMBIKAI,SARAWAK,BUKIT MABONG,8.90,5.90,63.00
2022,BUAH-BUAHAN,TEMBIKAI,SELANGOR,SABAK BERNAM,4.80,4.80,78.98
2022,BUAH-BUAHAN,TEMBIKAI,SARAWAK,MUKAH,9.00,5.50,79.00
2022,BUAH-BUAHAN,TEMBIKAI,SABAH,KENINGAU,5.00,5.00,82.60
2022,BUAH-BUAHAN,TEMBIKAI,SARAWAK,KAPIT,9.00,7.10,84.40
2022,BUAH-BUAHAN,TEMBIKAI,SARAWAK,MATU,28.00,8.50,93.30
2022,BUAH-BUAHAN,TEMBIKAI,NEGERI SEMBILAN,KUALA PILAH,4.80,4.80,107.67
2022,BUAH-BUAHAN,TEMBIKAI,NEGERI SEMBILAN,JEMPOL,13.00,8.00,113.35
2022,BUAH-BUAHAN,TEMBIKAI,SARAWAK,SERIAN,11.00,8.30,115.40
2022,BUAH-BUAHAN,TEMBIKAI,KEDAH,LANGKAWI,6.46,6.05,115.41
2022,BUAH-BUAHAN,TEMBIKAI,TERENGGANU,KUALA TERENGGANU,5.90,5.90,134.30
2022,BUAH-BUAHAN,TEMBIKAI,TERENGGANU,KEMAMAN,10.10,9.90,150.70
2022,BUAH-BUAHAN,TEMBIKAI,SARAWAK,SAMARAHAN,11.80,10.30,154.50
2022,BUAH-BUAHAN,TEMBIKAI,SELANGOR,HULU LANGAT,8.50,8.50,160.74
2022,BUAH-BUAHAN,TEMBIKAI,SABAH,SANDAKAN,17.00,17.00,171.00
2022,BUAH-BUAHAN,TEMBIKAI,KEDAH,PADANG TERAP,12.00,12.00,175.00
2022,BUAH-BUAHAN,TEMBIKAI,SABAH,TUARAN,10.50,10.50,188.10
2022,BUAH-BUAHAN,TEMBIKAI,SABAH,LAHAD DATU,9.00,9.00,192.80
2022,BUAH-BUAHAN,TEMBIKAI,SARAWAK,SUBIS,45.70,13.70,216.60
2022,BUAH-BUAHAN,TEMBIKAI,SABAH,SOOK,30.00,15.00,224.00
2022,BUAH-BUAHAN,TEMBIKAI,NEGERI SEMBILAN,JELEBU,10.40,10.40,233.59
2022,BUAH-BUAHAN,TEMBIKAI,PERAK,HILIR PERAK,60.00,60.00,246.64
2022,BUAH-BUAHAN,TEMBIKAI,TERENGGANU,DUNGUN,15.90,14.20,293.11
2022,BUAH-BUAHAN,TEMBIKAI,MELAKA,MELAKA TENGAH,19.60,19.60,306.64
2022,BUAH-BUAHAN,TEMBIKAI,SABAH,SIPITANG,15.90,15.90,329.20
2022,BUAH-BUAHAN,TEMBIKAI,PAHANG,KUANTAN,28.30,28.30,335.16
2022,BUAH-BUAHAN,TEMBIKAI,KEDAH,POKOK SENA,17.00,17.00,340.00
2022,BUAH-BUAHAN,TEMBIKAI,SABAH,BEAUFORT,64.00,32.00,400.00
2022,BUAH-BUAHAN,TEMBIKAI,JOHOR,MERSING,22.60,22.60,448.20
2022,BUAH-BUAHAN,TEMBIKAI,KEDAH,BANDAR BAHARU,25.00,15.00,494.73
2022,BUAH-BUAHAN,TEMBIKAI,SARAWAK,SARIKEI,37.50,31.00,546.50
2022,BUAH-BUAHAN,TEMBIKAI,SABAH,MATUNGGONG,24.00,24.00,549.00
2022,BUAH-BUAHAN,TEMBIKAI,SARAWAK,SIMUNJAN,71.20,44.80,561.50
2022,BUAH-BUAHAN,TEMBIKAI,SARAWAK,KABONG,42.00,37.00,575.00
2022,BUAH-BUAHAN,TEMBIKAI,SABAH,KUDAT,35.00,35.00,687.00
2022,BUAH-BUAHAN,TEMBIKAI,PERAK,HULU PERAK,43.40,41.71,695.80
2022,BUAH-BUAHAN,TEMBIKAI,KELANTAN,TUMPAT,34.37,34.37,697.14
2022,BUAH-BUAHAN,TEMBIKAI,KEDAH,KULIM,35.00,35.00,723.75
2022,BUAH-BUAHAN,TEMBIKAI,SABAH,TAWAU,38.00,36.50,749.90
2022,BUAH-BUAHAN,TEMBIKAI,KEDAH,BALING,39.50,39.50,771.30
2022,BUAH-BUAHAN,TEMBIKAI,SARAWAK,ASAJAYA,69.20,53.10,805.80
2022,BUAH-BUAHAN,TEMBIKAI,TERENGGANU,KUALA NERUS,54.50,54.20,843.70
2022,BUAH-BUAHAN,TEMBIKAI,KELANTAN,MACHANG,46.56,46.06,913.43
2022,BUAH-BUAHAN,TEMBIKAI,JOHOR,SEGAMAT,181.00,165.00,929.04
2022,BUAH-BUAHAN,TEMBIKAI,SABAH,PAPAR,105.00,105.00,1220.00
2022,BUAH-BUAHAN,TEMBIKAI,KELANTAN,KUALA KRAI,85.70,59.70,1225.05
2022,BUAH-BUAHAN,TEMBIKAI,KELANTAN,GUA MUSANG,69.00,67.60,1262.00
2022,BUAH-BUAHAN,TEMBIKAI,KEDAH,SIK,69.00,69.00,1264.50
2022,BUAH-BUAHAN,TEMBIKAI,TERENGGANU,MARANG,123.90,117.40,1445.70
2022,BUAH-BUAHAN,TEMBIKAI,KELANTAN,TANAH MERAH,77.38,77.18,1478.06
2022,BUAH-BUAHAN,TEMBIKAI,PERAK,KUALA KANGSAR,90.00,83.00,1508.00
2022,BUAH-BUAHAN,TEMBIKAI,PERLIS,PERLIS,161.12,161.12,1519.66
2022,BUAH-BUAHAN,TEMBIKAI,KELANTAN,PASIR MAS,88.25,88.25,1801.49
2022,BUAH-BUAHAN,TEMBIKAI,KELANTAN,JELI,203.61,180.93,1969.87
2022,BUAH-BUAHAN,TEMBIKAI,SARAWAK,KUCHING,124.60,118.20,2096.20
2022,BUAH-BUAHAN,TEMBIKAI,KEDAH,KUBANG PASU,112.00,111.75,2148.00
2022,BUAH-BUAHAN,TEMBIKAI,TERENGGANU,BESUT,135.30,124.30,2167.87
2022,BUAH-BUAHAN,TEMBIKAI,SARAWAK,LUNDU,284.50,124.00,2232.00
2022,BUAH-BUAHAN,TEMBIKAI,KEDAH,PENDANG,119.80,119.80,2840.05
2022,BUAH-BUAHAN,TEMBIKAI,KELANTAN,KOTA BHARU,185.44,185.04,3090.90
2022,BUAH-BUAHAN,TEMBIKAI,JOHOR,KLUANG,195.00,195.00,3101.05
2022,BUAH-BUAHAN,TEMBIKAI,TERENGGANU,SETIU,374.90,361.00,4459.40
2022,BUAH-BUAHAN,TEMBIKAI,NEGERI SEMBILAN,PORT DICKSON,235.42,235.42,4982.88
2022,BUAH-BUAHAN,TEMBIKAI,JOHOR,KOTA TINGGI,394.00,394.00,9012.95
2022,BUAH-BUAHAN,TEMBIKAI,KELANTAN,PASIR PUTEH,397.10,395.85,9160.50
2022,BUAH-BUAHAN,TEMBIKAI,MELAKA,ALOR GAJAH,384.60,377.50,10345.70
2022,BUAH-BUAHAN,TEMBIKAI,PAHANG,PEKAN,1117.90,1117.90,13684.56
2022,BUAH-BUAHAN,TEMBIKAI,PAHANG,ROMPIN,974.40,974.40,16953.01
2022,BUAH-BUAHAN,TEMBIKAI,KELANTAN,BACHOK,1000.00,997.97,17866.85
2023,BUAH-BUAHAN,TEMBIKAI,SARAWAK,BELURU,0.60,0.00,0.00
2023,BUAH-BUAHAN,TEMBIKAI WANGI,MELAKA,JASIN,0.10,0.10,0.80
2023,BUAH-BUAHAN,TEMBIKAI SUSU,KEDAH,LANGKAWI,0.10,0.10,1.33
2023,BUAH-BUAHAN,TEMBIKAI SUSU,PERAK,KUALA KANGSAR,0.40,0.40,1.00
2023,BUAH-BUAHAN,TEMBIKAI SUSU,TERENGGANU,SETIU,0.20,0.20,1.65
2023,BUAH-BUAHAN,TEMBIKAI WANGI,PULAU PINANG,SEBERANG PERAI SELATAN,0.20,0.20,2.50
2023,BUAH-BUAHAN,TEMBIKAI,SARAWAK,SONG,3.00,0.00,0.00
2023,BUAH-BUAHAN,TEMBIKAI SUSU,TERENGGANU,KEMAMAN,0.20,0.20,3.60
2023,BUAH-BUAHAN,TEMBIKAI SUSU,JOHOR,MUAR,0.15,0.15,3.75
2023,BUAH-BUAHAN,TEMBIKAI SUSU,TERENGGANU,KUALA NERUS,0.80,0.80,3.80
2023,BUAH-BUAHAN,TEMBIKAI SUSU,MELAKA,JASIN,2.14,0.40,3.02
2023,BUAH-BUAHAN,TEMBIKAI WANGI,KEDAH,KUBANG PASU,1.50,1.50,4.50
2023,BUAH-BUAHAN,TEMBIKAI SUSU,TERENGGANU,BESUT,0.50,0.50,7.86
2023,BUAH-BUAHAN,TEMBIKAI SUSU,PERAK,PERAK TENGAH,2.00,2.00,5.00
2023,BUAH-BUAHAN,TEMBIKAI WANGI,KEDAH,LANGKAWI,0.43,0.43,8.33
2023,BUAH-BUAHAN,TEMBIKAI WANGI,NEGERI SEMBILAN,SEREMBAN,0.20,0.20,9.20
2023,BUAH-BUAHAN,TEMBIKAI SUSU,PERAK,HILIR PERAK,0.60,0.60,8.60
2023,BUAH-BUAHAN,TEMBIKAI SUSU,KELANTAN,MACHANG,0.60,0.60,12.00
2023,BUAH-BUAHAN,TEMBIKAI SUSU,PAHANG,MARAN,0.80,0.80,11.75
2023,BUAH-BUAHAN,TEMBIKAI SUSU,MELAKA,ALOR GAJAH,2.00,1.60,13.00
2023,BUAH-BUAHAN,TEMBIKAI WANGI,SELANGOR,HULU LANGAT,1.00,1.00,20.00
2023,BUAH-BUAHAN,TEMBIKAI SUSU,PAHANG,LIPIS,2.80,2.80,18.47
2023,BUAH-BUAHAN,TEMBIKAI SUSU,PAHANG,ROMPIN,0.80,0.80,32.73
2023,BUAH-BUAHAN,TEMBIKAI WANGI,MELAKA,ALOR GAJAH,2.20,2.20,33.00
2023,BUAH-BUAHAN,TEMBIKAI SUSU,MELAKA,MELAKA TENGAH,3.15,2.85,32.99
2023,BUAH-BUAHAN,TEMBIKAI SUSU,PAHANG,BERA,3.40,2.70,35.40
2023,BUAH-BUAHAN,TEMBIKAI SUSU,PERAK,BAGAN DATOK,1.40,1.40,39.74
2023,BUAH-BUAHAN,TEMBIKAI SUSU,PERAK,KINTA,1.50,1.50,42.00
2023,BUAH-BUAHAN,TEMBIKAI SUSU,KELANTAN,PASIR PUTEH,2.00,2.00,54.00
2023,BUAH-BUAHAN,TEMBIKAI WANGI,KELANTAN,PASIR PUTEH,2.00,2.00,54.00
2023,BUAH-BUAHAN,TEMBIKAI WANGI,MELAKA,MELAKA TENGAH,2.50,2.50,55.95
2023,BUAH-BUAHAN,TEMBIKAI WANGI,KELANTAN,PASIR MAS,3.45,3.45,56.07
2023,BUAH-BUAHAN,TEMBIKAI WANGI,SELANGOR,PETALING,3.00,3.00,60.00
2023,BUAH-BUAHAN,TEMBIKAI SUSU,SELANGOR,HULU SELANGOR,4.30,4.20,68.96
2023,BUAH-BUAHAN,TEMBIKAI SUSU,PAHANG,TEMERLOH,4.00,4.00,72.91
2023,BUAH-BUAHAN,TEMBIKAI SUSU,TERENGGANU,KUALA TERENGGANU,4.40,4.40,75.32
2023,BUAH-BUAHAN,TEMBIKAI WANGI,NEGERI SEMBILAN,KUALA PILAH,3.60,3.60,80.86
2023,BUAH-BUAHAN,TEMBIKAI WANGI,SELANGOR,SEPANG,5.00,5.00,100.00
2023,BUAH-BUAHAN,TEMBIKAI SUSU,SELANGOR,GOMBAK,5.00,5.00,100.00
2023,BUAH-BUAHAN,TEMBIKAI SUSU,PERAK,MANJUNG,4.00,4.00,108.00
2023,BUAH-BUAHAN,TEMBIKAI SUSU,JOHOR,JOHOR BAHRU,9.10,8.95,114.65
2023,BUAH-BUAHAN,TEMBIKAI SUSU,KELANTAN,KOTA BHARU,6.00,6.00,127.20
2023,BUAH-BUAHAN,TEMBIKAI SUSU,TERENGGANU,DUNGUN,29.00,11.00,175.40
2023,BUAH-BUAHAN,TEMBIKAI SUSU,SELANGOR,SABAK BERNAM,10.00,10.00,200.00
2023,BUAH-BUAHAN,TEMBIKAI WANGI,SELANGOR,GOMBAK,10.00,10.00,200.00
2023,BUAH-BUAHAN,TEMBIKAI WANGI,SELANGOR,HULU SELANGOR,10.00,10.00,200.00
2023,BUAH-BUAHAN,TEMBIKAI WANGI,SELANGOR,SABAK BERNAM,10.00,10.00,200.00
2023,BUAH-BUAHAN,TEMBIKAI SUSU,SELANGOR,KLANG,14.80,14.80,213.00
2023,BUAH-BUAHAN,TEMBIKAI SUSU,JOHOR,BATU PAHAT,18.00,11.00,253.00
2023,BUAH-BUAHAN,TEMBIKAI WANGI,SELANGOR,KLANG,15.00,15.00,300.00
2023,BUAH-BUAHAN,TEMBIKAI SUSU,KELANTAN,BACHOK,15.10,15.10,362.40
2023,BUAH-BUAHAN,TEMBIKAI WANGI,SELANGOR,KUALA SELANGOR,20.00,20.00,398.00
2023,BUAH-BUAHAN,TEMBIKAI SUSU,JOHOR,KLUANG,20.00,20.00,400.00
2023,BUAH-BUAHAN,TEMBIKAI,SARAWAK,DALAT,5.00,0.20,0.20
2023,BUAH-BUAHAN,TEMBIKAI SUSU,NEGERI SEMBILAN,PORT DICKSON,20.10,20.10,458.28
2023,BUAH-BUAHAN,TEMBIKAI,SABAH,KOTA KINABALU,0.30,0.30,0.30
2023,BUAH-BUAHAN,TEMBIKAI WANGI,SELANGOR,KUALA LANGAT,40.00,40.00,800.00
2023,BUAH-BUAHAN,TEMBIKAI WANGI,KELANTAN,KOTA BHARU,39.10,39.10,1017.49
2023,BUAH-BUAHAN,TEMBIKAI,PULAU PINANG,SEBERANG PERAI SELATAN,0.10,0.05,0.50
2023,BUAH-BUAHAN,TEMBIKAI,PAHANG,BERA,0.20,0.10,1.00
2023,BUAH-BUAHAN,TEMBIKAI,SARAWAK,LUBOK ANTU,1.00,0.10,1.50
2023,BUAH-BUAHAN,TEMBIKAI WANGI,KELANTAN,BACHOK,204.50,204.50,4703.50
2023,BUAH-BUAHAN,TEMBIKAI,SARAWAK,TANJUNG MANIS,1.70,1.20,3.30
2023,BUAH-BUAHAN,TEMBIKAI,SARAWAK,KANOWIT,1.00,1.00,5.00
2023,BUAH-BUAHAN,TEMBIKAI,SABAH,BELURAN,0.40,0.40,6.00
2023,BUAH-BUAHAN,TEMBIKAI,SARAWAK,BINTULU,0.50,0.40,6.00
2023,BUAH-BUAHAN,TEMBIKAI,SARAWAK,PANTU,0.80,0.40,6.00
2023,BUAH-BUAHAN,TEMBIKAI,NEGERI SEMBILAN,SEREMBAN,0.80,0.80,7.63
2023,BUAH-BUAHAN,TEMBIKAI,SARAWAK,SEBAUH,1.00,0.60,9.60
2023,BUAH-BUAHAN,TEMBIKAI,SARAWAK,PUSA,0.70,0.70,10.40
2023,BUAH-BUAHAN,TEMBIKAI,SABAH,KOTA MARUDU,2.30,2.30,10.60
2023,BUAH-BUAHAN,TEMBIKAI,SABAH,TELUPID,1.90,1.90,13.00
2023,BUAH-BUAHAN,TEMBIKAI,SABAH,PUTATAN,3.00,1.60,14.40
2023,BUAH-BUAHAN,TEMBIKAI,PAHANG,LIPIS,2.80,2.40,14.89
2023,BUAH-BUAHAN,TEMBIKAI,SELANGOR,PETALING,1.00,1.00,15.00
2023,BUAH-BUAHAN,TEMBIKAI,SARAWAK,LAWAS,3.00,0.90,16.20
2023,BUAH-BUAHAN,TEMBIKAI,SARAWAK,DARO,5.30,4.50,16.50
2023,BUAH-BUAHAN,TEMBIKAI,WP LABUAN,WP LABUAN,1.80,1.20,19.00
2023,BUAH-BUAHAN,TEMBIKAI,SABAH,KINABATANGAN,1.00,1.00,20.00
2023,BUAH-BUAHAN,TEMBIKAI,SABAH,PENAMPANG,1.10,1.10,23.10
2023,BUAH-BUAHAN,TEMBIKAI,TERENGGANU,HULU TERENGGANU,1.70,1.30,24.50
2023,BUAH-BUAHAN,TEMBIKAI,PERAK,PERAK TENGAH,6.00,6.00,30.00
2023,BUAH-BUAHAN,TEMBIKAI,SARAWAK,BELAGA,4.00,2.50,33.00
2023,BUAH-BUAHAN,TEMBIKAI,PAHANG,RAUB,6.11,6.11,40.95
2023,BUAH-BUAHAN,TEMBIKAI,SARAWAK,SIBURAN,6.00,4.00,42.00
2023,BUAH-BUAHAN,TEMBIKAI,PAHANG,MARAN,4.40,4.00,43.04
2023,BUAH-BUAHAN,TEMBIKAI,SARAWAK,MUKAH,6.50,4.30,49.20
2023,BUAH-BUAHAN,TEMBIKAI,SARAWAK,BUKIT MABONG,8.90,4.90,51.00
2023,BUAH-BUAHAN,TEMBIKAI,PERAK,KERIAN,3.08,3.08,51.50
2023,BUAH-BUAHAN,TEMBIKAI,SELANGOR,GOMBAK,4.00,4.00,60.00
2023,BUAH-BUAHAN,TEMBIKAI,PAHANG,JERANTUT,24.00,7.30,67.73
2023,BUAH-BUAHAN,TEMBIKAI,SELANGOR,SABAK BERNAM,5.00,5.00,75.00
2023,BUAH-BUAHAN,TEMBIKAI,SABAH,KOTA BELUD,12.60,10.60,81.70
2023,BUAH-BUAHAN,TEMBIKAI,SARAWAK,KAPIT,9.00,7.00,83.30
2023,BUAH-BUAHAN,TEMBIKAI,PERLIS,PERLIS,3.14,3.14,87.92
2023,BUAH-BUAHAN,TEMBIKAI,SABAH,SANDAKAN,16.00,12.50,90.00
2023,BUAH-BUAHAN,TEMBIKAI,SARAWAK,MATU,29.20,8.40,96.50
2023,BUAH-BUAHAN,TEMBIKAI,KEDAH,PADANG TERAP,5.44,5.44,101.12
2023,BUAH-BUAHAN,TEMBIKAI,SARAWAK,SERIAN,14.00,8.30,115.40
2023,BUAH-BUAHAN,TEMBIKAI,KEDAH,LANGKAWI,6.44,6.35,122.36
2023,BUAH-BUAHAN,TEMBIKAI,SABAH,LAHAD DATU,6.00,6.00,128.00
2023,BUAH-BUAHAN,TEMBIKAI,SABAH,KUALA PENYU,5.50,5.50,137.50
2023,BUAH-BUAHAN,TEMBIKAI,SARAWAK,SAMARAHAN,12.00,10.50,157.50
2023,BUAH-BUAHAN,TEMBIKAI,MELAKA,JASIN,13.35,13.35,160.00
2023,BUAH-BUAHAN,TEMBIKAI,SARAWAK,SUBIS,27.70,15.70,198.70
2023,BUAH-BUAHAN,TEMBIKAI,SABAH,TUARAN,11.10,11.10,199.60
2023,BUAH-BUAHAN,TEMBIKAI,KEDAH,BANDAR BAHARU,105.00,85.00,237.79
2023,BUAH-BUAHAN,TEMBIKAI,PERAK,HILIR PERAK,30.00,30.00,246.90
2023,BUAH-BUAHAN,TEMBIKAI,MELAKA,MELAKA TENGAH,15.40,15.40,271.23
2023,BUAH-BUAHAN,TEMBIKAI,NEGERI SEMBILAN,JELEBU,12.40,12.40,308.46
2023,BUAH-BUAHAN,TEMBIKAI,TERENGGANU,DUNGUN,19.56,17.30,319.47
2023,BUAH-BUAHAN,TEMBIKAI,SARAWAK,SARIKEI,35.00,20.10,321.30
2023,BUAH-BUAHAN,TEMBIKAI,SABAH,SOOK,45.00,30.00,327.50
2023,BUAH-BUAHAN,TEMBIKAI,TERENGGANU,KEMAMAN,19.40,19.40,351.90
2023,BUAH-BUAHAN,TEMBIKAI,SABAH,KENINGAU,20.00,20.00,352.00
2023,BUAH-BUAHAN,TEMBIKAI,KEDAH,SIK,19.50,19.50,357.26
2023,BUAH-BUAHAN,TEMBIKAI,SABAH,SIPITANG,19.80,17.90,360.80
2023,BUAH-BUAHAN,TEMBIKAI,TERENGGANU,KUALA TERENGGANU,19.30,19.30,399.98
2023,BUAH-BUAHAN,TEMBIKAI,KEDAH,POKOK SENA,19.50,19.50,409.56
2023,BUAH-BUAHAN,TEMBIKAI,SARAWAK,SIMUNJAN,69.20,37.80,466.50
2023,BUAH-BUAHAN,TEMBIKAI,KEDAH,KUALA MUDA,23.00,23.00,497.96
2023,BUAH-BUAHAN,TEMBIKAI,PAHANG,KUANTAN,40.50,40.50,536.78
2023,BUAH-BUAHAN,TEMBIKAI,KELANTAN,KECIL LOJING,104.52,87.00,547.87
2023,BUAH-BUAHAN,TEMBIKAI,SARAWAK,KABONG,42.00,37.00,575.00
2023,BUAH-BUAHAN,TEMBIKAI,SABAH,KUDAT,35.40,35.40,587.00
2023,BUAH-BUAHAN,TEMBIKAI,SABAH,BEAUFORT,96.00,48.00,588.10
2023,BUAH-BUAHAN,TEMBIKAI,SARAWAK,ASAJAYA,44.10,42.30,607.10
2023,BUAH-BUAHAN,TEMBIKAI,KEDAH,PENDANG,81.62,81.62,631.90
2023,BUAH-BUAHAN,TEMBIKAI,KELANTAN,TUMPAT,25.78,25.78,721.84
2023,BUAH-BUAHAN,TEMBIKAI,KEDAH,KULIM,35.00,35.00,745.00
2023,BUAH-BUAHAN,TEMBIKAI,SARAWAK,LUNDU,50.00,45.00,802.00
2023,BUAH-BUAHAN,TEMBIKAI,PAHANG,TEMERLOH,154.10,154.10,846.05
2023,BUAH-BUAHAN,TEMBIKAI,PERAK,HULU PERAK,42.76,35.30,852.00
2023,BUAH-BUAHAN,TEMBIKAI,JOHOR,SEGAMAT,55.00,49.50,875.80
2023,BUAH-BUAHAN,TEMBIKAI,SABAH,MATUNGGONG,48.40,48.40,915.00
2023,BUAH-BUAHAN,TEMBIKAI,TERENGGANU,KUALA NERUS,55.13,55.01,939.62
2023,BUAH-BUAHAN,TEMBIKAI,KEDAH,BALING,39.50,39.50,1005.25
2023,BUAH-BUAHAN,TEMBIKAI,KELANTAN,TANAH MERAH,71.74,64.32,1173.61
2023,BUAH-BUAHAN,TEMBIKAI,SARAWAK,MIRI,23.50,12.50,1224.00
2023,BUAH-BUAHAN,TEMBIKAI,NEGERI SEMBILAN,PORT DICKSON,58.20,58.20,1229.31
2023,BUAH-BUAHAN,TEMBIKAI,JOHOR,MERSING,179.60,179.60,1287.34
2023,BUAH-BUAHAN,TEMBIKAI,KELANTAN,MACHANG,65.90,65.40,1312.77
2023,BUAH-BUAHAN,TEMBIKAI,KELANTAN,GUA MUSANG,54.80,53.20,1383.20
2023,BUAH-BUAHAN,TEMBIKAI,PERAK,KUALA KANGSAR,54.40,52.40,1519.60
2023,BUAH-BUAHAN,TEMBIKAI,SABAH,PAPAR,95.00,95.00,1520.00
2023,BUAH-BUAHAN,TEMBIKAI,KEDAH,KUBANG PASU,102.00,102.00,1532.00
2023,BUAH-BUAHAN,TEMBIKAI,SABAH,TAWAU,100.40,97.40,1557.70
2023,BUAH-BUAHAN,TEMBIKAI,KELANTAN,KUALA KRAI,127.20,88.80,1561.80
2023,BUAH-BUAHAN,TEMBIKAI,KELANTAN,PASIR MAS,102.97,101.29,1734.51
2023,BUAH-BUAHAN,TEMBIKAI,TERENGGANU,MARANG,99.60,99.60,1803.60
2023,BUAH-BUAHAN,TEMBIKAI,SARAWAK,KUCHING,124.60,110.70,1961.20
2023,BUAH-BUAHAN,TEMBIKAI,KELANTAN,JELI,162.52,121.88,1997.61
2023,BUAH-BUAHAN,TEMBIKAI,TERENGGANU,BESUT,173.89,173.45,2774.52
2023,BUAH-BUAHAN,TEMBIKAI,KELANTAN,KOTA BHARU,196.70,175.84,3109.78
2023,BUAH-BUAHAN,TEMBIKAI,JOHOR,KLUANG,205.00,205.00,5330.00
2023,BUAH-BUAHAN,TEMBIKAI,TERENGGANU,SETIU,323.80,312.60,5412.40
2023,BUAH-BUAHAN,TEMBIKAI,PAHANG,PEKAN,146.80,142.80,6995.65
2023,BUAH-BUAHAN,TEMBIKAI,JOHOR,KOTA TINGGI,320.20,320.20,9285.80
2023,BUAH-BUAHAN,TEMBIKAI,KELANTAN,PASIR PUTEH,338.98,337.98,9463.44
2023,BUAH-BUAHAN,TEMBIKAI,MELAKA,ALOR GAJAH,421.00,414.00,10802.12
2023,BUAH-BUAHAN,TEMBIKAI,PAHANG,ROMPIN,2822.16,1280.20,18331.34
2023,BUAH-BUAHAN,TEMBIKAI,KELANTAN,BACHOK,902.41,893.66,25022.48
2024,BUAH-BUAHAN,TEMBIKAI,SARAWAK,BELURU,0.10,0.00,0.00
2024,BUAH-BUAHAN,TEMBIKAI,SABAH,KINABATANGAN,2.00,0.00,0.00
2024,BUAH-BUAHAN,TEMBIKAI,SARAWAK,MUKAH,2.20,0.00,0.00
2024,BUAH-BUAHAN,TEMBIKAI,SARAWAK,SONG,3.00,0.00,0.00
2024,BUAH-BUAHAN,TEMBIKAI WANGI,NEGERI SEMBILAN,JEMPOL,0.01,0.01,0.21
2024,BUAH-BUAHAN,TEMBIKAI,SARAWAK,DALAT,5.00,0.50,0.50
2024,BUAH-BUAHAN,TEMBIKAI,SABAH,KOTA KINABALU,0.10,0.10,0.60
2024,BUAH-BUAHAN,TEMBIKAI,PAHANG,LIPIS,0.40,0.40,1.50
2024,BUAH-BUAHAN,TEMBIKAI WANGI,TERENGGANU,KEMAMAN,0.20,0.20,1.80
2024,BUAH-BUAHAN,TEMBIKAI,SARAWAK,PANTU,0.50,0.20,3.00
2024,BUAH-BUAHAN,TEMBIKAI WANGI,PAHANG,PEKAN,0.30,0.30,2.00
2024,BUAH-BUAHAN,TEMBIKAI WANGI,MELAKA,JASIN,0.40,0.40,2.12
2024,BUAH-BUAHAN,TEMBIKAI WANGI,SABAH,KOTA KINABALU,0.30,0.30,2.20
2024,BUAH-BUAHAN,TEMBIKAI,SARAWAK,PUSA,0.30,0.30,4.80
2024,BUAH-BUAHAN,TEMBIKAI WANGI,SABAH,TELUPID,0.60,0.60,3.10
2024,BUAH-BUAHAN,TEMBIKAI WANGI,SABAH,PUTATAN,0.50,0.50,3.70
2024,BUAH-BUAHAN,TEMBIKAI,SARAWAK,BINTULU,0.50,0.40,6.00
2024,BUAH-BUAHAN,TEMBIKAI WANGI,PERAK,HULU PERAK,0.20,0.20,4.00
2024,BUAH-BUAHAN,TEMBIKAI WANGI,KEDAH,LANGKAWI,0.21,0.21,4.03
2024,BUAH-BUAHAN,TEMBIKAI SUSU,SABAH,KOTA MARUDU,1.00,1.00,4.50
2024,BUAH-BUAHAN,TEMBIKAI,SARAWAK,LAWAS,3.00,0.40,7.20
2024,BUAH-BUAHAN,TEMBIKAI WANGI,TERENGGANU,SETIU,0.60,0.60,5.00
2024,BUAH-BUAHAN,TEMBIKAI,MELAKA,JASIN,6.40,4.40,8.00
2024,BUAH-BUAHAN,TEMBIKAI WANGI,SABAH,KUALA PENYU,1.00,1.00,5.50
2024,BUAH-BUAHAN,TEMBIKAI,SARAWAK,BELAGA,2.00,0.50,9.00
2024,BUAH-BUAHAN,TEMBIKAI WANGI,MELAKA,ALOR GAJAH,0.90,0.80,5.79
2024,BUAH-BUAHAN,TEMBIKAI,SARAWAK,SEBAUH,1.00,0.60,9.60
2024,BUAH-BUAHAN,TEMBIKAI WANGI,PERAK,KAMPAR,0.40,0.27,6.60
2024,BUAH-BUAHAN,TEMBIKAI WANGI,KELANTAN,MACHANG,0.40,0.40,7.00
2024,BUAH-BUAHAN,TEMBIKAI WANGI,SABAH,SOOK,5.00,5.00,7.00
2024,BUAH-BUAHAN,TEMBIKAI WANGI,PULAU PINANG,SEBERANG PERAI SELATAN,0.60,0.60,7.10
2024,BUAH-BUAHAN,TEMBIKAI WANGI,JOHOR,MUAR,0.64,0.64,7.36
2024,BUAH-BUAHAN,TEMBIKAI,SABAH,PENAMPANG,1.20,1.20,11.60
2024,BUAH-BUAHAN,TEMBIKAI WANGI,PERAK,HILIR PERAK,0.60,0.60,8.60
2024,BUAH-BUAHAN,TEMBIKAI,SARAWAK,DARO,5.30,4.20,14.10
2024,BUAH-BUAHAN,TEMBIKAI SUSU,KELANTAN,MACHANG,0.60,0.60,10.00
2024,BUAH-BUAHAN,TEMBIKAI,WP LABUAN,WP LABUAN,1.60,1.20,16.72
2024,BUAH-BUAHAN,TEMBIKAI,SARAWAK,TANJUNG MANIS,20.40,18.50,18.50
2024,BUAH-BUAHAN,TEMBIKAI,SABAH,TELUPID,2.10,2.10,19.70
2024,BUAH-BUAHAN,TEMBIKAI,SABAH,SOOK,10.00,10.00,20.00
2024,BUAH-BUAHAN,TEMBIKAI,PERAK,PERAK TENGAH,1.10,1.10,21.60
2024,BUAH-BUAHAN,TEMBIKAI,SABAH,KOTA BELUD,5.00,5.00,23.50
2024,BUAH-BUAHAN,TEMBIKAI SUSU,SABAH,KOTA BELUD,3.10,3.10,20.60
2024,BUAH-BUAHAN,TEMBIKAI SUSU,SABAH,TUARAN,1.40,1.40,21.50
2024,BUAH-BUAHAN,TEMBIKAI SUSU,SABAH,SOOK,10.00,10.00,24.00
2024,BUAH-BUAHAN,TEMBIKAI WANGI,JOHOR,JOHOR BAHRU,7.40,7.40,24.60
2024,BUAH-BUAHAN,TEMBIKAI WANGI,TERENGGANU,KUALA NERUS,1.80,1.80,25.30
2024,BUAH-BUAHAN,TEMBIKAI,SABAH,KOTA MARUDU,4.00,4.00,42.00
2024,BUAH-BUAHAN,TEMBIKAI WANGI,TERENGGANU,KUALA TERENGGANU,3.50,3.50,27.50
2024,BUAH-BUAHAN,TEMBIKAI WANGI,TERENGGANU,MARANG,7.80,5.00,29.07
2024,BUAH-BUAHAN,TEMBIKAI WANGI,SELANGOR,PETALING,1.16,0.97,29.62
2024,BUAH-BUAHAN,TEMBIKAI,SARAWAK,BUKIT MABONG,8.90,4.90,51.00
2024,BUAH-BUAHAN,TEMBIKAI WANGI,PAHANG,LIPIS,1.20,1.20,32.90
2024,BUAH-BUAHAN,TEMBIKAI,SABAH,SANDAKAN,10.00,8.00,53.00
2024,BUAH-BUAHAN,TEMBIKAI WANGI,KEDAH,KUBANG PASU,1.50,1.50,35.00
2024,BUAH-BUAHAN,TEMBIKAI,SABAH,KUALA PENYU,4.00,4.00,60.00
2024,BUAH-BUAHAN,TEMBIKAI WANGI,SABAH,KENINGAU,2.40,2.40,38.80
2024,BUAH-BUAHAN,TEMBIKAI WANGI,PERAK,BAGAN DATOK,1.40,1.40,40.40
2024,BUAH-BUAHAN,TEMBIKAI SUSU,SABAH,SANDAKAN,6.00,4.00,47.00
2024,BUAH-BUAHAN,TEMBIKAI WANGI,PERAK,MANJUNG,2.00,2.00,43.00
2024,BUAH-BUAHAN,TEMBIKAI,SELANGOR,SABAK BERNAM,6.20,4.40,67.30
2024,BUAH-BUAHAN,TEMBIKAI,PERAK,KERIAN,2.50,2.50,70.00
2024,BUAH-BUAHAN,TEMBIKAI,SABAH,TUARAN,6.80,6.80,79.50
2024,BUAH-BUAHAN,TEMBIKAI WANGI,PERAK,KINTA,6.50,5.98,51.40
2024,BUAH-BUAHAN,TEMBIKAI,SABAH,SIPITANG,5.00,5.00,80.40
2024,BUAH-BUAHAN,TEMBIKAI,SARAWAK,MATU,29.20,7.40,80.70
2024,BUAH-BUAHAN,TEMBIKAI,SARAWAK,KAPIT,9.00,7.00,83.30
2024,BUAH-BUAHAN,TEMBIKAI,SARAWAK,SIMUNJAN,41.30,15.40,84.10
2024,BUAH-BUAHAN,TEMBIKAI,NEGERI SEMBILAN,KUALA PILAH,6.00,6.00,85.66
2024,BUAH-BUAHAN,TEMBIKAI,SARAWAK,SUBIS,19.70,9.70,87.60
2024,BUAH-BUAHAN,TEMBIKAI,PAHANG,JERANTUT,9.90,6.00,88.52
2024,BUAH-BUAHAN,TEMBIKAI WANGI,SELANGOR,SEPANG,3.00,3.00,57.63
2024,BUAH-BUAHAN,TEMBIKAI,SELANGOR,PETALING,2.07,2.07,91.85
2024,BUAH-BUAHAN,TEMBIKAI,KEDAH,SIK,4.80,4.80,108.40
2024,BUAH-BUAHAN,TEMBIKAI,SARAWAK,SERIAN,11.00,8.30,115.40
2024,BUAH-BUAHAN,TEMBIKAI SUSU,SABAH,SIPITANG,4.70,4.70,83.20
2024,BUAH-BUAHAN,TEMBIKAI,KEDAH,LANGKAWI,6.71,6.71,119.94
2024,BUAH-BUAHAN,TEMBIKAI WANGI,NEGERI SEMBILAN,KUALA PILAH,3.40,3.40,77.35
2024,BUAH-BUAHAN,TEMBIKAI WANGI,PAHANG,TEMERLOH,5.00,5.00,78.09
2024,BUAH-BUAHAN,TEMBIKAI,NEGERI SEMBILAN,PORT DICKSON,7.00,7.00,126.00
2024,BUAH-BUAHAN,TEMBIKAI SUSU,SABAH,KENINGAU,6.40,6.40,96.80
2024,BUAH-BUAHAN,TEMBIKAI,PAHANG,BENTONG,8.00,8.00,141.60
2024,BUAH-BUAHAN,TEMBIKAI,SARAWAK,SAMARAHAN,11.50,9.50,142.50
2024,BUAH-BUAHAN,TEMBIKAI,SABAH,KENINGAU,8.00,8.00,146.00
2024,BUAH-BUAHAN,TEMBIKAI WANGI,TERENGGANU,BESUT,5.20,3.80,93.76
2024,BUAH-BUAHAN,TEMBIKAI SUSU,SABAH,KUDAT,5.00,5.00,109.00
2024,BUAH-BUAHAN,TEMBIKAI,JOHOR,TANGKAK,8.00,8.00,160.00
2024,BUAH-BUAHAN,TEMBIKAI,SABAH,LAHAD DATU,24.00,24.00,161.00
2024,BUAH-BUAHAN,TEMBIKAI,PAHANG,RAUB,6.60,6.60,166.40
2024,BUAH-BUAHAN,TEMBIKAI WANGI,PAHANG,RAUB,1.60,1.50,115.18
2024,BUAH-BUAHAN,TEMBIKAI,PERAK,MANJUNG,7.20,7.20,180.00
2024,BUAH-BUAHAN,TEMBIKAI,KEDAH,PADANG TERAP,9.40,9.40,181.10
2024,BUAH-BUAHAN,TEMBIKAI SUSU,KELANTAN,KOTA BHARU,6.00,6.00,127.60
2024,BUAH-BUAHAN,TEMBIKAI,SELANGOR,GOMBAK,5.00,5.00,181.86
2024,BUAH-BUAHAN,TEMBIKAI WANGI,KELANTAN,PASIR MAS,6.10,6.10,131.14
2024,BUAH-BUAHAN,TEMBIKAI WANGI,SABAH,SIPITANG,7.80,7.80,134.60
2024,BUAH-BUAHAN,TEMBIKAI WANGI,SELANGOR,SABAK BERNAM,9.00,9.00,134.80
2024,BUAH-BUAHAN,TEMBIKAI,TERENGGANU,DUNGUN,13.70,13.50,233.41
2024,BUAH-BUAHAN,TEMBIKAI SUSU,SABAH,BEAUFORT,32.00,16.00,164.70
2024,BUAH-BUAHAN,TEMBIKAI,NEGERI SEMBILAN,JELEBU,12.80,12.80,266.39
2024,BUAH-BUAHAN,TEMBIKAI,SARAWAK,SARIKEI,33.00,17.10,276.30
2024,BUAH-BUAHAN,TEMBIKAI,KEDAH,POKOK SENA,28.81,27.81,276.66
2024,BUAH-BUAHAN,TEMBIKAI WANGI,JOHOR,BATU PAHAT,15.54,10.54,180.11
2024,BUAH-BUAHAN,TEMBIKAI,PERAK,KAMPAR,10.00,10.00,300.00
2024,BUAH-BUAHAN,TEMBIKAI,KEDAH,BANDAR BAHARU,2.00,2.00,300.83
2024,BUAH-BUAHAN,TEMBIKAI WANGI,TERENGGANU,DUNGUN,25.60,24.80,197.40
2024,BUAH-BUAHAN,TEMBIKAI WANGI,JOHOR,KLUANG,10.00,10.00,200.00
2024,BUAH-BUAHAN,TEMBIKAI,MELAKA,MELAKA TENGAH,22.10,22.10,318.34
2024,BUAH-BUAHAN,TEMBIKAI WANGI,MELAKA,MELAKA TENGAH,14.37,14.34,213.18
2024,BUAH-BUAHAN,TEMBIKAI,SABAH,BEAUFORT,64.00,32.00,393.30
2024,BUAH-BUAHAN,TEMBIKAI,SARAWAK,LUNDU,28.00,23.00,406.00
2024,BUAH-BUAHAN,TEMBIKAI,SARAWAK,KABONG,32.00,27.00,415.00
2024,BUAH-BUAHAN,TEMBIKAI SUSU,SABAH,MATUNGGONG,14.50,14.50,316.50
2024,BUAH-BUAHAN,TEMBIKAI SUSU,KELANTAN,BACHOK,16.19,16.19,326.50
2024,BUAH-BUAHAN,TEMBIKAI WANGI,SELANGOR,HULU SELANGOR,30.80,30.80,299.15
2024,BUAH-BUAHAN,TEMBIKAI,KELANTAN,GUA MUSANG,33.60,32.60,467.53
2024,BUAH-BUAHAN,TEMBIKAI,TERENGGANU,HULU TERENGGANU,32.20,31.20,502.30
2024,BUAH-BUAHAN,TEMBIKAI,SABAH,KUDAT,26.00,26.00,538.00
2024,BUAH-BUAHAN,TEMBIKAI WANGI,SELANGOR,KUALA SELANGOR,15.90,15.90,372.23
2024,BUAH-BUAHAN,TEMBIKAI,SARAWAK,ASAJAYA,44.10,42.30,607.10
2024,BUAH-BUAHAN,TEMBIKAI,TERENGGANU,KEMAMAN,49.90,45.90,619.90
2024,BUAH-BUAHAN,TEMBIKAI,TERENGGANU,KUALA TERENGGANU,28.20,28.20,638.80
2024,BUAH-BUAHAN,TEMBIKAI WANGI,KELANTAN,PASIR PUTEH,29.00,29.00,416.31
2024,BUAH-BUAHAN,TEMBIKAI,PERAK,HULU PERAK,33.30,28.70,695.10
2024,BUAH-BUAHAN,TEMBIKAI,SABAH,MATUNGGONG,34.50,34.50,715.50
2024,BUAH-BUAHAN,TEMBIKAI,KEDAH,KUBANG PASU,45.60,44.46,717.27
2024,BUAH-BUAHAN,TEMBIKAI,KEDAH,KULIM,35.00,35.00,772.86
2024,BUAH-BUAHAN,TEMBIKAI,KELANTAN,TUMPAT,42.11,41.91,801.74
2024,BUAH-BUAHAN,TEMBIKAI,SELANGOR,KUALA SELANGOR,35.80,35.80,805.50
2024,BUAH-BUAHAN,TEMBIKAI,TERENGGANU,KUALA NERUS,44.20,43.80,852.81
2024,BUAH-BUAHAN,TEMBIKAI,SABAH,TAWAU,45.40,45.40,854.60
2024,BUAH-BUAHAN,TEMBIKAI,KEDAH,BALING,41.00,41.00,891.10
2024,BUAH-BUAHAN,TEMBIKAI SUSU,SABAH,TAWAU,51.00,51.00,672.80
2024,BUAH-BUAHAN,TEMBIKAI,PAHANG,TEMERLOH,94.30,76.60,977.92
2024,BUAH-BUAHAN,TEMBIKAI WANGI,PAHANG,ROMPIN,41.60,41.60,653.49
2024,BUAH-BUAHAN,TEMBIKAI,PERAK,KUALA KANGSAR,41.95,41.35,1031.70
2024,BUAH-BUAHAN,TEMBIKAI WANGI,SELANGOR,KLANG,27.90,25.40,662.03
2024,BUAH-BUAHAN,TEMBIKAI,KELANTAN,TANAH MERAH,72.83,69.89,1072.80
2024,BUAH-BUAHAN,TEMBIKAI WANGI,SELANGOR,KUALA LANGAT,33.70,30.90,699.30
2024,BUAH-BUAHAN,TEMBIKAI,SABAH,PAPAR,56.00,56.00,1160.00
2024,BUAH-BUAHAN,TEMBIKAI,PAHANG,MARAN,52.80,52.70,1160.40
2024,BUAH-BUAHAN,TEMBIKAI,SARAWAK,MIRI,26.50,19.00,1237.00
2024,BUAH-BUAHAN,TEMBIKAI,KELANTAN,KUALA KRAI,40.20,40.20,1252.50
2024,BUAH-BUAHAN,TEMBIKAI,KELANTAN,PASIR MAS,72.48,69.56,1337.60
2024,BUAH-BUAHAN,TEMBIKAI,KELANTAN,MACHANG,80.80,80.80,1452.28
2024,BUAH-BUAHAN,TEMBIKAI,NEGERI SEMBILAN,TAMPIN,88.00,88.00,1584.50
2024,BUAH-BUAHAN,TEMBIKAI,KEDAH,KUALA MUDA,93.00,79.00,1600.72
2024,BUAH-BUAHAN,TEMBIKAI,PERLIS,PERLIS,227.43,227.43,1613.70
2024,BUAH-BUAHAN,TEMBIKAI,KEDAH,PENDANG,91.40,91.40,1671.70
2024,BUAH-BUAHAN,TEMBIKAI WANGI,KELANTAN,KOTA BHARU,53.90,53.90,1099.35
2024,BUAH-BUAHAN,TEMBIKAI SUSU,NEGERI SEMBILAN,PORT DICKSON,60.03,60.03,1338.70
2024,BUAH-BUAHAN,TEMBIKAI,SARAWAK,KUCHING,124.60,110.70,1961.20
2024,BUAH-BUAHAN,TEMBIKAI,TERENGGANU,BESUT,129.80,123.80,2314.42
2024,BUAH-BUAHAN,TEMBIKAI,KELANTAN,KOTA BHARU,138.64,138.64,2400.35
2024,BUAH-BUAHAN,TEMBIKAI,JOHOR,MERSING,232.80,202.80,2471.00
2024,BUAH-BUAHAN,TEMBIKAI,TERENGGANU,MARANG,158.40,151.60,2676.92
2024,BUAH-BUAHAN,TEMBIKAI,PAHANG,PEKAN,236.40,236.40,3408.73
2024,BUAH-BUAHAN,TEMBIKAI,KELANTAN,PASIR PUTEH,222.40,219.20,4908.71
2024,BUAH-BUAHAN,TEMBIKAI,JOHOR,KLUANG,257.18,257.18,5414.08
2024,BUAH-BUAHAN,TEMBIKAI,JOHOR,KOTA TINGGI,278.00,274.00,5879.59
2024,BUAH-BUAHAN,TEMBIKAI WANGI,KELANTAN,BACHOK,224.99,224.99,4223.35
2024,BUAH-BUAHAN,TEMBIKAI,TERENGGANU,SETIU,388.10,387.10,7480.15
2024,BUAH-BUAHAN,TEMBIKAI,PAHANG,KUANTAN,610.22,576.22,7808.27
2024,BUAH-BUAHAN,TEMBIKAI,MELAKA,ALOR GAJAH,897.00,790.00,8387.78
2024,BUAH-BUAHAN,TEMBIKAI,KELANTAN,BACHOK,980.56,974.52,17490.59
2024,BUAH-BUAHAN,TEMBIKAI,PAHANG,ROMPIN,930.00,927.00,19795.26
2024,BUAH-BUAHAN,TEMBIKAI,KELANTAN,JELI,1489.07,1475.80,27301.34